feature	UniRef90_A0A174IWH6	UniRef90_A0A174IWH6.g__Prevotella.s__Prevotella_copri	UniRef90_A0T3C6	UniRef90_A0A174PA28	UniRef90_A0A174PA28.g__Prevotella.s__Prevotella_copri	UniRef90_V8M0W9	UniRef90_V8M0W9.g__Streptococcus.s__Streptococcus_salivarius	UniRef90_A0A366U7P8	UniRef90_A0A366U7P8.g__Enterococcus.s__Enterococcus_gallinarum	UniRef90_A0T3C6.g__Escherichia.s__Escherichia_coli	UniRef90_A0A192CAU6	UniRef90_A0A192CAU6.g__Escherichia.s__Escherichia_coli	UniRef90_A0T3C6.g__Klebsiella.s__Klebsiella_quasipneumoniae	UniRef90_A0A1S8IMK6	UniRef90_D1PAK7	UniRef90_D1PAK7.g__Prevotella.s__Prevotella_copri	UniRef90_A0A1V2STI7.g__Escherichia.s__Escherichia_coli	UniRef90_A0A1V2STI7	UniRef90_A5ZYV3	UniRef90_A5ZYV3.g__Blautia.s__Blautia_obeum	UniRef90_E1IVY0	UniRef90_E1IVY0.g__Escherichia.s__Escherichia_coli	UniRef90_G2SRQ4	UniRef90_G2SRQ4.g__Lactobacillus.s__Lactobacillus_ruminis	UniRef90_Q1WUH8.g__Lactobacillus.s__Lactobacillus_ruminis	UniRef90_Q1WUH8	UniRef90_V5XUZ1	UniRef90_F2NAL9.g__Collinsella.s__Collinsella_aerofaciens	UniRef90_F2NAL9	UniRef90_V5XUZ1.g__Enterococcus.s__Enterococcus_faecium	UniRef90_A0A174Y3E0	UniRef90_A0A174Y3E0.g__Prevotella.s__Prevotella_copri	UniRef90_A0A0E9FRS3	UniRef90_UPI0004A57A81	UniRef90_UPI0004A57A81.g__Enterococcus.s__Enterococcus_faecium	UniRef90_A0A1A7TBY5	UniRef90_A0A2W4HXJ9	UniRef90_A0A2W4HXJ9.g__Enterococcus.s__Enterococcus_faecium	UniRef90_A0A1B2H845	UniRef90_E7FSA1	UniRef90_E7FSA1.g__Lactobacillus.s__Lactobacillus_ruminis	UniRef90_A0A0E9FRS3.g__Tyzzerella.s__Tyzzerella_nexilis	UniRef90_A0A3E4MCK9	UniRef90_A0A3E4MCK9.g__Lactobacillus.s__Lactobacillus_ruminis	UniRef90_Q9LBQ4.g__Enterococcus.s__Enterococcus_faecium	UniRef90_Q9LBQ4	UniRef90_C0FSN2	UniRef90_C0FSN2.g__Roseburia.s__Roseburia_inulinivorans	UniRef90_A0A0E1X896.g__Blautia.s__Blautia_obeum	UniRef90_G2SNS8	UniRef90_G2SNS8.g__Lactobacillus.s__Lactobacillus_ruminis	UniRef90_A0A0E1X896	UniRef90_A0A1S8IMK6.g__Escherichia.s__Escherichia_coli	UniRef90_A0A1D7PS63	UniRef90_A0A1D7PS63.g__Escherichia.s__Escherichia_coli	UniRef90_A0A1S8IMK6.g__Enterococcus.s__Enterococcus_faecium	UniRef90_A0A0H2VC20	UniRef90_A0A0H2VC20.g__Escherichia.s__Escherichia_coli	UniRef90_A0A2R3NGS3	UniRef90_R6Q8L0	UniRef90_A0A0T7A674	UniRef90_A0A0T7A674.g__Bacteroides.s__Bacteroides_uniformis	UniRef90_A0T3C6.g__Klebsiella.s__Klebsiella_pneumoniae	UniRef90_A0A174UKK8	UniRef90_A0A174UKK8.g__Prevotella.s__Prevotella_copri	UniRef90_E1IJ03	UniRef90_E1IJ03.g__Escherichia.s__Escherichia_coli	UniRef90_UPI000C03D4E6	UniRef90_UPI000C03D4E6.g__Enterococcus.s__Enterococcus_faecium	UniRef90_D1PG33	UniRef90_D1PG33.g__Prevotella.s__Prevotella_copri	UniRef90_A0A0M2B020	UniRef90_A0A0M2B020.g__Enterococcus.s__Enterococcus_faecium	UniRef90_A7V4G2	UniRef90_A7V4G2.g__Bacteroides.s__Bacteroides_uniformis	UniRef90_A0A1I2RCA3	UniRef90_A0A1I2RCA3.g__Lactobacillus.s__Lactobacillus_ruminis	UniRef90_R6Q8L0.g__Faecalibacterium.s__Faecalibacterium_prausnitzii	UniRef90_A0A174Q4J4	UniRef90_A0A174Q4J4.g__Prevotella.s__Prevotella_copri	UniRef90_J6QDP1	UniRef90_J6QDP1.g__Enterococcus.s__Enterococcus_faecium	UniRef90_A0A2R3NGS3.g__Escherichia.s__Escherichia_coli	UniRef90_S4EDF6	UniRef90_A0A174Y4P3	UniRef90_A0A174Y4P3.g__Prevotella.s__Prevotella_copri	UniRef90_A7AJP8	UniRef90_A7AJP8.g__Parabacteroides.s__Parabacteroides_merdae	UniRef90_I3U631	UniRef90_J7SHX6	UniRef90_J7SHX6.g__Streptococcus.s__Streptococcus_salivarius	UniRef90_A0A0E9FRS3.g__Dorea.s__Dorea_longicatena	UniRef90_E7FTM0	UniRef90_E7FTM0.g__Lactobacillus.s__Lactobacillus_ruminis	UniRef90_A0A0E9ESU1	UniRef90_A0A0E9ESU1.g__Klebsiella.s__Klebsiella_pneumoniae	UniRef90_A0A2H4TTX9	UniRef90_A0A2H4TTX9.g__Escherichia.s__Escherichia_coli	UniRef90_I3U631.g__Enterococcus.s__Enterococcus_faecium	UniRef90_A0A174KXX9	UniRef90_A0A174KXX9.g__Collinsella.s__Collinsella_aerofaciens	UniRef90_A7V7B8	UniRef90_A7V7B8.g__Bacteroides.s__Bacteroides_uniformis	UniRef90_F7LS08	UniRef90_F7LS08.g__Bacteroides.s__Bacteroides_fragilis	UniRef90_T4C1L2	UniRef90_J7TUV6	UniRef90_J7TUV6.g__Streptococcus.s__Streptococcus_salivarius	UniRef90_A0A1X4JA18	UniRef90_A0A1X4JA18.g__Enterococcus.s__Enterococcus_faecium	UniRef90_UPI000CDE3CF2	UniRef90_UPI000CDE3CF2.g__Escherichia.s__Escherichia_coli	UniRef90_A0A174XX49	UniRef90_A0A174XX49.g__Prevotella.s__Prevotella_copri	UniRef90_A0A133MZE1	UniRef90_U2Z4S8	UniRef90_U2Z4S8.g__Streptococcus.s__Streptococcus_salivarius	UniRef90_W1ESP1	UniRef90_W1ESP1.g__Escherichia.s__Escherichia_coli	UniRef90_A0A133MZE1.g__Clostridioides.s__Clostridioides_difficile	UniRef90_A0A174LQ87	UniRef90_A0A174LQ87.g__Prevotella.s__Prevotella_copri	UniRef90_P59628	UniRef90_A0A174HS30	UniRef90_A0A174HS30.g__Prevotella.s__Prevotella_copri	UniRef90_A0A1S8JJQ1	UniRef90_A0A0J2B3T8	UniRef90_A0A1B2H845.g__Escherichia.s__Escherichia_coli	UniRef90_F4NKV9	UniRef90_F4NKV9.g__Escherichia.s__Escherichia_coli	UniRef90_A0A174VLZ6	UniRef90_A0A174VLZ6.g__Prevotella.s__Prevotella_copri	UniRef90_A0A2H3JTN8	UniRef90_A0A2H3JTN8.g__Escherichia.s__Escherichia_coli	UniRef90_W1I4J5	UniRef90_W1I4J5.g__Prevotella.s__Prevotella_copri	UniRef90_U9YPG6	UniRef90_U9YPG6.g__Escherichia.s__Escherichia_coli	UniRef90_D1PCG7	UniRef90_D1PCG7.g__Prevotella.s__Prevotella_copri	UniRef90_U9YLK3	UniRef90_U9YLK3.g__Escherichia.s__Escherichia_coli	UniRef90_A0A174NRF1	UniRef90_A0A174NRF1.g__Prevotella.s__Prevotella_copri	UniRef90_A0A174JTA1	UniRef90_A0A174JTA1.g__Prevotella.s__Prevotella_copri	UniRef90_A0A174WHN0	UniRef90_F7QZZ8	UniRef90_F7QZZ8.g__Lactobacillus.s__Lactobacillus_ruminis	UniRef90_F7QX76	UniRef90_F7QX76.g__Lactobacillus.s__Lactobacillus_ruminis	UniRef90_A0A2J1D4W6	UniRef90_A0A2J1D4W6.g__Escherichia.s__Escherichia_coli	UniRef90_A0A1A7TBY5.g__Enterococcus.s__Enterococcus_faecium	UniRef90_A0A1A7TBY5.g__Escherichia.s__Escherichia_coli	UniRef90_C8ZZG9	UniRef90_C8ZZG9.g__Enterococcus.s__Enterococcus_gallinarum	UniRef90_E7FP09	UniRef90_E7FP09.g__Lactobacillus.s__Lactobacillus_ruminis	UniRef90_A0A2H4TVT9	UniRef90_A0A2H4TVT9.g__Escherichia.s__Escherichia_coli	UniRef90_A0A174VUA9	UniRef90_A0A174VUA9.g__Prevotella.s__Prevotella_copri	UniRef90_A0A0E1LDK4	UniRef90_A0A0E1LDK4.g__Escherichia.s__Escherichia_coli	UniRef90_A0A174SLJ8	UniRef90_A0A174SLJ8.g__Prevotella.s__Prevotella_copri	UniRef90_S4DMT8	UniRef90_A0A174Y717	UniRef90_A0A174Y717.g__Prevotella.s__Prevotella_copri	UniRef90_D4RG23	UniRef90_D4RG23.g__Enterococcus.s__Enterococcus_faecium	UniRef90_A0A1B2H845.g__Klebsiella.s__Klebsiella_pneumoniae	UniRef90_V0SIR0	UniRef90_V0SIR0.g__Escherichia.s__Escherichia_coli	UniRef90_A0A174MQQ3	UniRef90_A0A174MQQ3.g__Prevotella.s__Prevotella_copri	UniRef90_D4JYT8	UniRef90_D4JYT8.g__Faecalibacterium.s__Faecalibacterium_prausnitzii	UniRef90_A0A174JFP0	UniRef90_A0A174JFP0.g__Prevotella.s__Prevotella_copri	UniRef90_A0A174WHN0.g__Prevotella.s__Prevotella_copri	UniRef90_I2WAU1	UniRef90_I2WAU1.g__Escherichia.s__Escherichia_coli	UniRef90_A0A174IYG9	UniRef90_A0A174IYG9.g__Prevotella.s__Prevotella_copri	UniRef90_A0A0I1DLX7	UniRef90_A0A0I1DLX7.g__Escherichia.s__Escherichia_coli	UniRef90_A0A396RJ65	UniRef90_A0A174RM08	UniRef90_A0A174RM08.g__Prevotella.s__Prevotella_copri	UniRef90_Q9LBQ5	UniRef90_O07102	UniRef90_V5XSX7	UniRef90_A0A139SZQ0	UniRef90_S4EDF6.g__Enterococcus.s__Enterococcus_faecium	UniRef90_A0A1S9M166	UniRef90_A0A1S9M166.g__Enterococcus.s__Enterococcus_faecium	UniRef90_A0A3E5E3D3	UniRef90_A0A3E5E3D3.g__Prevotella.s__Prevotella_copri
SMA_6_S85	-8.44986498421901	-8.44986498421901	-23.370165197897	-8.46566040666717	-8.46566040666717	-8.62928379467204	-8.62928379467204	-11.1566629369212	-11.1566629369212	-23.370165197897	-14.0472319590144	-14.0472319590144	-16.1269986741282	-24.9814065691058	-11.130701017189	-11.130701017189	-22.9274943859324	-22.9274943859324	-8.96624602095692	-8.96624602095692	-15.8334101244488	-15.8334101244488	-19.1139534973397	-19.1139534973397	-20.1139534973397	-18.5267498974344	-18.455622478089	-11.567442671217	-11.567442671217	-20.0069669639632	-11.409767932751	-11.409767932751	-8.82624275490127	-18.4311795022212	-18.4311795022212	-21.7642800159448	-19.0911053354546	-19.0911053354546	-23.3304007417574	-18.5267498974344	-18.5267498974344	-22.3580660675428	-20.6989200908418	-20.6989200908418	-20.0637669705901	-18.4943701321221	-8.29525209494925	-8.29525209494925	-9.27957512725749	-19.4301803811814	-19.4301803811814	-9.27957512725749	-24.9814065691058	-14.9926947143982	-14.9926947143982	-24.9150551340174	-18.1290237706279	-18.1290237706279	-23.7869791696678	-10.3030811068827	-10.0939422128695	-10.0939422128695	-22.6158632349001	-11.4818586410852	-11.4818586410852	-21.9833744248001	-21.9833744248001	-22.9995376434768	-22.9995376434768	-10.6313349990608	-10.6313349990608	-17.1290258385054	-17.1290258385054	-11.7775403621821	-11.7775403621821	-17.9125819535171	-17.9125819535171	-10.3881983549351	-18.1203030655474	-18.1203030655474	-16.8385831518654	-16.8385831518654	-23.7869791696678	-15.5440612699068	-12.4703019608354	-12.4703019608354	-10.7661967374549	-10.7661967374549	-17.9066319401133	-11.5951244941789	-11.5951244941789	-8.82624275490127	-18.4301803811814	-18.4301803811814	-21.0314247628754	-21.3883954105567	-14.222134553604	-14.222134553604	-17.9066319401133	-18.1290237706279	-18.1290237706279	-10.2810606828579	-10.2810606828579	-14.6066571823453	-14.6066571823453	-10.7600214482322	-10.8209338856091	-10.8209338856091	-18.274696986684	-18.274696986684	-24.133410193539	-24.133410193539	-12.783905718639	-12.783905718639	-18.1290237706279	-12.5762350937098	-12.5939109906157	-23.5904526850796	-23.5904526850796	-16.9635607861526	-15.1106492985438	-15.1106492985438	-19.7642813006866	-12.9539337407015	-12.9539337407015	-15.5440612699068	-16.1290237706279	-23.3304007417574	-16.7139873052874	-16.7139873052874	-12.7367033937436	-12.7367033937436	-25.6035667204125	-25.6035667204125	-22.1822969067775	-22.1822969067775	-18.1290237706279	-18.1290237706279	-13.3840662996868	-13.3840662996868	-17.1290258385054	-17.1290258385054	-12.7455434948065	-12.7455434948065	-13.4830326318463	-13.4830326318463	-12.8832015843203	-20.1117123981556	-20.1117123981556	-20.5267526217185	-20.5267526217185	-13.717239733438	-13.717239733438	-18.8150973446023	-21.7642800159448	-11.6997905821835	-11.6997905821835	-21.6001041086764	-21.6001041086764	-15.5440612699068	-15.5440612699068	-12.3999297861557	-12.3999297861557	-16.5440681628432	-16.5440681628432	-13.4102068319548	-13.4102068319548	-18.1290237706279	-12.4879204807414	-12.4879204807414	-15.8070998114985	-15.8070998114985	-22.4214370714075	-16.5440681628432	-16.5440681628432	-13.2290218362594	-13.2290218362594	-13.8810973455405	-13.8810973455405	-12.175933196941	-12.175933196941	-12.8832015843203	-19.5267526217185	-19.5267526217185	-12.1313934336854	-12.1313934336854	-20.9022499761597	-20.9022499761597	-19.5824694334939	-12.3267929766441	-12.3267929766441	-18.970541702963	-24.4030860651938	-15.5813895988985	-15.3216718026819	-15.5440612699068	-18.1290237706279	-18.1290237706279	-13.0846365442059	-13.0846365442059
RDS_8_S100	-8.00385355988761	-8.00385355988761	-15.3425302068145	-8.67680565930237	-8.67680565930237	-15.2546721504502	-15.2546721504502	-11.1566629369212	-11.1566629369212	-15.3425302068145	-14.534285837979	-14.534285837979	-16.1269986741282	-24.9814065691058	-16.3069061508821	-16.3069061508821	-21.9274943859324	-21.9274943859324	-12.3011558168169	-12.3011558168169	-15.3004759310331	-15.3004759310331	-7.77528004058016	-7.77528004058016	-7.8017317668334	-7.8017317668334	-18.455622478089	-10.2772959452384	-10.2772959452384	-20.0069669639632	-10.5050710730047	-10.5050710730047	-18.605566291045	-18.4311795022212	-18.4311795022212	-21.7642800159448	-19.0911053354546	-19.0911053354546	-18.927491508682	-8.21297576058122	-8.21297576058122	-18.605566291045	-8.23145835041552	-8.23145835041552	-20.0637669705901	-18.4943701321221	-18.4825460775628	-18.4825460775628	-8.77637717958739	-8.40012374859268	-8.40012374859268	-8.77637717958739	-24.9814065691058	-16.0441310327054	-16.0441310327054	-24.9150551340174	-16.3425242125564	-16.3425242125564	-23.7869791696678	-12.9748845925265	-9.60932491940919	-9.60932491940919	-22.6158632349001	-14.174222566578	-14.174222566578	-21.9833744248001	-21.9833744248001	-22.9995376434768	-22.9995376434768	-16.5804844627529	-16.5804844627529	-19.6776095485895	-19.6776095485895	-10.8080575586603	-10.8080575586603	-8.76426960757088	-8.76426960757088	-14.4561853180766	-11.5753983428056	-11.5753983428056	-16.8385831518654	-16.8385831518654	-23.7869791696678	-19.0524548999374	-10.743746397666	-10.743746397666	-11.7661967374549	-11.7661967374549	-18.9066319401133	-16.0767001860639	-16.0767001860639	-21.996446810063	-8.85049795952225	-8.85049795952225	-21.0314247628754	-21.3883954105567	-15.3425302068145	-15.3425302068145	-18.9066319401133	-11.459377328159	-11.459377328159	-9.89164881753779	-9.89164881753779	-10.9672594729436	-10.9672594729436	-19.0537065531581	-13.7733224406255	-13.7733224406255	-19.274696986684	-19.274696986684	-24.133410193539	-24.133410193539	-10.6101094265339	-10.6101094265339	-19.1290237706279	-19.9234904946995	-15.8444155164434	-22.5904526850796	-22.5904526850796	-16.9635607861526	-17.1341093591624	-17.1341093591624	-19.7642813006866	-20.7456766581692	-20.7456766581692	-18.455622478089	-16.2050206888065	-18.927491508682	-16.020605708494	-16.020605708494	-11.9300421491577	-11.9300421491577	-24.4299918492112	-24.4299918492112	-13.2872507909866	-13.2872507909866	-16.7575665072397	-16.7575665072397	-12.2863929171491	-12.2863929171491	-16.020605708494	-16.020605708494	-10.7846664640085	-10.7846664640085	-11.5435211384275	-11.5435211384275	-12.1875689785069	-9.14615697129243	-9.14615697129243	-9.15150458417636	-9.15150458417636	-23.9255564194833	-23.9255564194833	-18.8150973446023	-21.7642800159448	-11.6997905821835	-11.6997905821835	-9.1736952422398	-9.1736952422398	-19.1666789367215	-19.1666789367215	-10.6940574311017	-10.6940574311017	-18.3425290079609	-18.3425290079609	-10.6617803195241	-10.6617803195241	-19.1290237706279	-10.7909688302702	-10.7909688302702	-17.0926470478683	-17.0926470478683	-22.4214370714075	-18.6644583017019	-18.6644583017019	-11.4067878940455	-11.4067878940455	-23.3290622793713	-23.3290622793713	-19.1341072839857	-19.1341072839857	-12.1875689785069	-19.5267526217185	-19.5267526217185	-11.1714474437722	-11.1714474437722	-18.5937204918856	-18.5937204918856	-19.5824694334939	-11.395741107797	-11.395741107797	-18.970541702963	-23.1136473902383	-19.8733837061766	-13.3389680172008	-17.9975088204783	-19.1290237706279	-19.1290237706279	-11.5975724511277	-11.5975724511277
SMA_2_S81	-8.8515905267936	-8.8515905267936	-12.7845570344562	-9.69468136849894	-9.69468136849894	-14.2546721504502	-14.2546721504502	-10.1566629369212	-10.1566629369212	-13.817663913923	-9.4144110055447	-9.4144110055447	-14.0996457380685	-24.9814065691058	-18.5491447832645	-18.5491447832645	-19.20300367346	-18.444041059506	-11.6068794554441	-11.6068794554441	-10.9612411852108	-10.9612411852108	-19.1139534973397	-19.1139534973397	-20.1139534973397	-18.5267498974344	-16.3360291044583	-14.0884690990922	-14.0884690990922	-19.0069669639632	-11.5616659230674	-11.5616659230674	-8.31372463821545	-18.4311795022212	-18.4311795022212	-21.7642800159448	-19.0911053354546	-19.0911053354546	-14.4276601668735	-18.5267498974344	-18.5267498974344	-8.31372463821545	-20.6989200908418	-20.6989200908418	-20.0637669705901	-18.4943701321221	-20.996448319118	-20.996448319118	-10.5460814475882	-19.4301803811814	-19.4301803811814	-10.5460814475882	-24.9814065691058	-10.5007041765592	-10.5007041765592	-24.9150551340174	-13.2155654088111	-13.2155654088111	-20.9357642508053	-9.34273215293693	-17.5231420151844	-17.5231420151844	-15.9762929683973	-11.6578708622706	-11.6578708622706	-16.6258518916382	-16.6258518916382	-22.9995376434768	-22.9995376434768	-12.0584013331702	-12.0584013331702	-15.5896539626583	-15.5896539626583	-19.1139534973397	-19.1139534973397	-17.9125819535171	-17.9125819535171	-9.36936431214343	-11.4629771070431	-11.4629771070431	-14.3345440064619	-14.3345440064619	-20.9357642508053	-14.8820336359748	-12.1566958728331	-12.1566958728331	-11.7661967374549	-11.7661967374549	-16.845506670887	-13.0015527596787	-13.0015527596787	-21.996446810063	-18.4301803811814	-18.4301803811814	-20.0314247628754	-20.3883954105567	-11.9355188418044	-11.9355188418044	-16.845506670887	-19.1290237706279	-19.1290237706279	-17.3136706555621	-17.3136706555621	-16.0970494829773	-16.0970494829773	-19.0537065531581	-12.1609178894734	-12.1609178894734	-19.274696986684	-19.274696986684	-21.3635948547412	-21.3635948547412	-12.0592076536551	-12.0592076536551	-15.9635607861526	-13.0671100101254	-13.0671100101254	-19.3334034874959	-19.3334034874959	-15.9635607861526	-17.1341093591624	-17.1341093591624	-12.764461577366	-12.4625943310195	-12.4625943310195	-18.455622478089	-12.5368143640103	-15.4236153999191	-11.731881503185	-11.731881503185	-11.8551858457199	-11.8551858457199	-19.855693702349	-19.855693702349	-12.5437838565517	-12.5437838565517	-11.4150569507863	-11.4150569507863	-12.4289276789555	-12.4289276789555	-11.6360521573279	-11.6360521573279	-12.6589947671332	-12.6589947671332	-12.0760397511872	-12.0760397511872	-11.742080019648	-20.1117123981556	-20.1117123981556	-20.5267526217185	-20.5267526217185	-11.9665462288146	-11.9665462288146	-18.8150973446023	-21.7642800159448	-9.45989335493213	-9.45989335493213	-21.6001041086764	-21.6001041086764	-11.6423058373869	-11.6423058373869	-13.2996188871862	-13.2996188871862	-11.969007978976	-11.969007978976	-12.3485459937435	-12.3485459937435	-16.922547527438	-12.5334918772567	-12.5334918772567	-17.0926470478683	-17.0926470478683	-15.448920315982	-12.0858527229135	-12.0858527229135	-12.4558837693473	-12.4558837693473	-9.96646106735421	-9.96646106735421	-19.1341072839857	-19.1341072839857	-11.742080019648	-11.6996850052031	-11.6996850052031	-12.3502323879717	-12.3502323879717	-15.6987083046747	-15.6987083046747	-18.5824694334939	-11.8819160219475	-11.8819160219475	-18.970541702963	-19.6536195180134	-13.5907090332064	-13.9902415504337	-16.9975088204783	-14.9842109933973	-14.9842109933973	-12.3636124939087	-12.3636124939087
SMA_7_S86	-6.84412230324994	-6.84412230324994	-14.0525245166954	-7.59181319074515	-7.59181319074515	-8.63578241907511	-8.63578241907511	-8.0375276760785	-8.0375276760785	-15.1177668599236	-10.7274669886824	-10.7274669886824	-15.1269986741282	-22.9231792115038	-18.5491447832645	-18.5491447832645	-22.9274943859324	-22.9274943859324	-16.7289236078723	-16.7289236078723	-12.0183799498153	-12.0183799498153	-14.5462963063502	-14.5462963063502	-14.285699781739	-13.5900737633986	-17.455622478089	-14.5439303103715	-14.5439303103715	-17.455622478089	-9.4846093623453	-9.4846093623453	-14.5612926725957	-18.4311795022212	-18.4311795022212	-16.2482202001679	-19.0911053354546	-19.0911053354546	-15.7665651310865	-14.9961936884292	-14.9961936884292	-22.3580660675428	-14.8993134118968	-14.8993134118968	-19.0637669705901	-17.4943701321221	-20.996448319118	-20.996448319118	-13.7572120898732	-17.455622478089	-17.455622478089	-10.233629723723	-23.9313562202427	-12.0714810369221	-12.0714810369221	-23.9150551340174	-15.6120879173254	-15.6120879173254	-21.7480629990297	-10.5879320127134	-17.5231420151844	-17.5231420151844	-18.455622478089	-9.9107413781156	-9.9107413781156	-13.0545605761102	-13.0545605761102	-22.9995376434768	-22.9995376434768	-10.5786070560076	-10.5786070560076	-10.0524172739684	-10.0524172739684	-19.1139534973397	-19.1139534973397	-17.9125819535171	-17.9125819535171	-10.8275386196529	-10.0993082897566	-10.0993082897566	-11.1608254005524	-11.1608254005524	-21.7480629990297	-10.1167153731726	-10.5520364096277	-10.5520364096277	-11.7661967374549	-11.7661967374549	-10.9142339889135	-9.74216403417823	-9.74216403417823	-14.5612926725957	-18.4301803811814	-18.4301803811814	-21.0314247628754	-21.3883954105567	-12.7727468470271	-12.7727468470271	-10.9142339889135	-14.0633065371549	-14.0633065371549	-17.3136706555621	-17.3136706555621	-21.4560374540498	-21.4560374540498	-19.0537065531581	-9.93347181471314	-9.93347181471314	-10.2269230809569	-10.2269230809569	-22.2365083572405	-22.2365083572405	-10.6213284373423	-10.6213284373423	-11.0323929388437	-9.9731521551395	-9.97412548826084	-23.5904526850796	-23.5904526850796	-16.9635607861526	-14.3494250819179	-14.3494250819179	-10.1892338673486	-9.90818845059237	-9.90818845059237	-17.455622478089	-12.4571244137744	-16.8025246473687	-13.2046011526181	-13.2046011526181	-10.7300596752635	-10.7300596752635	-24.532437297172	-24.532437297172	-9.74942254969096	-9.74942254969096	-12.8614476248474	-12.8614476248474	-10.9852558659821	-10.9852558659821	-13.4332554629767	-13.4332554629767	-10.63083850933	-10.63083850933	-10.3425167197688	-10.3425167197688	-10.5588993634609	-15.1336943832017	-15.1336943832017	-15.3681602470098	-15.3681602470098	-10.1100656162985	-10.1100656162985	-17.8150973446023	-16.8423161992658	-10.6997905821835	-10.6997905821835	-18.879430945989	-18.879430945989	-12.9457152501563	-12.9457152501563	-11.671175886028	-11.671175886028	-12.7943724707359	-12.7943724707359	-10.930385593687	-10.930385593687	-10.3231122831824	-10.7308146087624	-10.7308146087624	-10.6120951430663	-10.6120951430663	-16.7314723110886	-12.7125937122009	-12.7125937122009	-11.0173060340805	-11.0173060340805	-11.4899274031863	-11.4899274031863	-19.1341072839857	-19.1341072839857	-10.5588993634609	-13.648269037876	-13.648269037876	-10.3349855739436	-10.3349855739436	-15.8459484622097	-15.8459484622097	-19.5824694334939	-10.3444230149481	-10.3444230149481	-18.970541702963	-24.4030860651938	-10.5734426797691	-23.2188372193286	-10.1167153731726	-10.5397793726702	-10.5397793726702	-10.8395488181315	-10.8395488181315
RDS_2_S94	-8.49277671674591	-8.49277671674591	-12.6477764083992	-9.83373394901526	-9.83373394901526	-9.19985921480002	-9.19985921480002	-11.1566629369212	-11.1566629369212	-14.1484707998681	-10.92598612274	-10.92598612274	-13.8701703727984	-24.9814065691058	-10.712755925253	-10.712755925253	-17.4918204479332	-16.5012163825438	-10.8098511654131	-10.8098511654131	-12.0447989617594	-12.0447989617594	-19.1139534973397	-19.1139534973397	-20.1139534973397	-18.5267498974344	-18.455622478089	-11.4414718206225	-11.4414718206225	-20.0069669639632	-11.7342683153779	-11.7342683153779	-11.6677266305943	-18.4311795022212	-18.4311795022212	-21.7642800159448	-19.0911053354546	-19.0911053354546	-14.5357003071128	-18.5267498974344	-18.5267498974344	-11.7708147345687	-20.6989200908418	-20.6989200908418	-20.0637669705901	-18.4943701321221	-11.2236814660617	-11.2236814660617	-10.3597571575744	-19.4301803811814	-19.4301803811814	-10.3597571575744	-24.9814065691058	-11.8499040567379	-11.8499040567379	-24.9150551340174	-14.5331361056174	-14.5331361056174	-23.7869791696678	-11.8828364988821	-10.4437365728218	-10.4437365728218	-14.8450819990833	-10.6504360110777	-10.6504360110777	-13.1639005305543	-13.1639005305543	-22.9995376434768	-22.9995376434768	-11.5914469734946	-11.5914469734946	-19.6776095485895	-19.6776095485895	-10.0412085212063	-10.0412085212063	-17.9125819535171	-17.9125819535171	-12.1810692523515	-13.4261396680775	-13.4261396680775	-16.8385831518654	-16.8385831518654	-23.7869791696678	-19.0524548999374	-11.6354645370281	-11.6354645370281	-9.63193696458333	-9.63193696458333	-18.9066319401133	-12.2489039828306	-12.2489039828306	-15.5258076038238	-18.4301803811814	-18.4301803811814	-18.8544007839421	-19.0424922606771	-12.6918363970968	-12.6918363970968	-18.9066319401133	-14.4176578357488	-14.4176578357488	-10.7904525880688	-10.7904525880688	-9.51360005292183	-9.51360005292183	-19.0537065531581	-11.7542237843099	-11.7542237843099	-19.274696986684	-19.274696986684	-18.8749781049406	-18.8749781049406	-11.9171184240519	-11.9171184240519	-19.1290237706279	-12.950366645184	-12.950366645184	-18.7950227882966	-18.7950227882966	-16.9635607861526	-11.8336207337893	-11.8336207337893	-19.7642813006866	-14.5710322191651	-14.5710322191651	-18.455622478089	-12.7372746333052	-15.7980708014646	-13.1266244458835	-13.1266244458835	-12.2477317818586	-12.2477317818586	-18.3528326928881	-18.3528326928881	-13.3085372215762	-13.3085372215762	-12.8294878834498	-12.8294878834498	-12.0784961032886	-12.0784961032886	-13.2066318604848	-13.2066318604848	-11.8017600948883	-11.8017600948883	-11.8135567253317	-11.8135567253317	-11.6917266281966	-20.1117123981556	-20.1117123981556	-20.5267526217185	-20.5267526217185	-12.4824694593928	-12.4824694593928	-18.8150973446023	-21.7642800159448	-11.6997905821835	-11.6997905821835	-21.6001041086764	-21.6001041086764	-12.5629835365499	-12.5629835365499	-12.6484431652179	-12.6484431652179	-13.1621141732679	-13.1621141732679	-11.6766864015203	-11.6766864015203	-19.1290237706279	-11.6357720896766	-11.6357720896766	-17.0926470478683	-17.0926470478683	-15.313782295389	-13.1807343167184	-13.1807343167184	-12.4985924642854	-12.4985924642854	-16.5331361056174	-16.5331361056174	-11.0401949535011	-11.0401949535011	-11.8707537687851	-13.2549626459324	-13.2549626459324	-11.8860600706616	-11.8860600706616	-15.1632730686627	-15.1632730686627	-17.1180992904306	-12.112149456134	-12.112149456134	-18.970541702963	-18.5952680406304	-19.8733837061766	-10.8706592210102	-17.9975088204783	-19.1290237706279	-19.1290237706279	-13.0202484933061	-13.0202484933061
RDS_1_S93	-7.58521828437134	-7.58521828437134	-22.370165197897	-7.3815288777631	-7.3815288777631	-13.4400008342337	-13.4400008342337	-11.1566629369212	-11.1566629369212	-22.370165197897	-8.97208818755673	-8.97208818755673	-16.1269986741282	-8.82355385029117	-15.1910834889456	-15.1910834889456	-15.1672489564784	-15.1672489564784	-16.7289236078723	-16.7289236078723	-8.65446718538089	-8.65446718538089	-19.1139534973397	-19.1139534973397	-20.1139534973397	-18.5267498974344	-9.65393245347503	-20.1341072839857	-20.1341072839857	-9.96530827383606	-10.9815843231175	-10.9815843231175	-22.3580660675428	-9.23711491192336	-9.23711491192336	-9.41209939574456	-18.0911053354546	-18.0911053354546	-23.3304007417574	-18.5267498974344	-18.5267498974344	-22.3580660675428	-20.6989200908418	-20.6989200908418	-9.92119432181564	-9.92119432181564	-20.996448319118	-20.996448319118	-13.7572120898732	-19.4301803811814	-19.4301803811814	-13.7572120898732	-9.82643267238178	-9.81830825012675	-9.81830825012675	-9.82069380785967	-8.99479078400906	-8.99479078400906	-8.8892115082768	-13.8222351756385	-17.5231420151844	-17.5231420151844	-22.6158632349001	-10.8705079574575	-10.8705079574575	-20.7035958923768	-20.7035958923768	-13.4135528185048	-13.4135528185048	-10.3551976018382	-10.3551976018382	-10.4149899796104	-10.4149899796104	-19.1139534973397	-19.1139534973397	-17.9125819535171	-17.9125819535171	-13.8222351756385	-15.6256418112394	-15.6256418112394	-10.341655308652	-10.341655308652	-9.31849740880417	-10.4895145950193	-10.1904606159631	-10.1904606159631	-11.7661967374549	-11.7661967374549	-18.9066319401133	-10.5722494662544	-10.5722494662544	-21.996446810063	-18.4301803811814	-18.4301803811814	-17.086590452308	-21.3883954105567	-10.1588152320768	-10.1588152320768	-18.9066319401133	-19.1290237706279	-19.1290237706279	-17.3136706555621	-17.3136706555621	-12.7732719407693	-12.7732719407693	-10.9869531303621	-10.8572424320138	-10.8572424320138	-10.3182745121293	-10.3182745121293	-24.133410193539	-24.133410193539	-10.3012704972278	-10.3012704972278	-10.5017538716693	-10.5972639943012	-10.5985004543743	-16.7095677897955	-16.7095677897955	-10.5017538716693	-10.4087340246888	-10.4087340246888	-10.8550228349171	-19.7456766581692	-19.7456766581692	-10.008547187621	-9.99706238790385	-23.3304007417574	-10.3029517022361	-10.3029517022361	-10.9813830528535	-10.9813830528535	-16.9263248969843	-16.9263248969843	-14.1683588587977	-14.1683588587977	-10.1220158562892	-10.1220158562892	-17.2272166883772	-17.2272166883772	-17.1607120436479	-17.1607120436479	-10.6732168946217	-10.6732168946217	-10.7310303766263	-10.7310303766263	-10.7995033201898	-20.1117123981556	-20.1117123981556	-20.5267526217185	-20.5267526217185	-10.471294941247	-10.471294941247	-10.9814647243579	-11.0220234539694	-11.6997905821835	-11.6997905821835	-21.6001041086764	-21.6001041086764	-10.4937852926868	-10.4937852926868	-10.2180342694927	-10.2180342694927	-10.3059510389621	-10.3059510389621	-10.8098563449957	-10.8098563449957	-11.0712109515722	-10.5291192426053	-10.5291192426053	-10.9616151550387	-10.9616151550387	-22.4214370714075	-10.4646417345852	-10.4646417345852	-10.5252359915025	-10.5252359915025	-14.4237453925827	-14.4237453925827	-9.32437698292126	-9.32437698292126	-10.7995033201898	-10.7340962936002	-10.7340962936002	-11.8888093373864	-11.8888093373864	-20.9022499761597	-20.9022499761597	-19.5824694334939	-11.7813592518623	-11.7813592518623	-9.6420798834645	-17.0711201894105	-10.9768836869028	-12.0111799819667	-11.3732243936316	-11.0302883284945	-11.0302883284945	-11.0482532340232	-11.0482532340232
CM_6_S76	-7.06945236518288	-7.06945236518288	-14.3791484590431	-8.73071286579568	-8.73071286579568	-11.5355546863334	-11.5355546863334	-11.1566629369212	-11.1566629369212	-14.3791484590431	-9.63342579044908	-9.63342579044908	-16.1269986741282	-24.9814065691058	-10.6664997642462	-10.6664997642462	-17.1510547853602	-17.1510547853602	-11.4570919650406	-11.4570919650406	-9.62839287551597	-9.62839287551597	-16.8385797702623	-16.8385797702623	-16.2536206511443	-16.2536206511443	-15.8385831518654	-13.6421840945501	-13.6421840945501	-15.8385831518654	-10.0226896276205	-10.0226896276205	-14.2928372679712	-18.4311795022212	-18.4311795022212	-21.7642800159448	-19.0911053354546	-19.0911053354546	-16.9125819535171	-18.5267498974344	-18.5267498974344	-22.3580660675428	-17.0751166460017	-17.0751166460017	-20.0637669705901	-18.4943701321221	-20.996448319118	-20.996448319118	-10.7528265442882	-15.516655056978	-15.516655056978	-10.7528265442882	-24.9814065691058	-10.8770076617404	-10.8770076617404	-24.9150551340174	-12.7511222997971	-12.7511222997971	-12.7049637089281	-9.17487882452672	-17.5231420151844	-17.5231420151844	-22.6158632349001	-14.2536178331411	-14.2536178331411	-12.0426366258202	-12.0426366258202	-22.9995376434768	-22.9995376434768	-12.474007108149	-12.474007108149	-19.6776095485895	-19.6776095485895	-19.1139534973397	-19.1139534973397	-16.9125819535171	-16.9125819535171	-9.55896465411969	-10.9840485126671	-10.9840485126671	-15.8385831518654	-15.8385831518654	-12.7049637089281	-19.0524548999374	-13.0885143373264	-13.0885143373264	-11.7661967374549	-11.7661967374549	-16.4235456525866	-14.3836036720435	-14.3836036720435	-14.2928372679712	-16.8385797702623	-16.8385797702623	-17.0898812007244	-21.3883954105567	-11.3983790247238	-11.3983790247238	-16.4235456525866	-19.1290237706279	-19.1290237706279	-17.3136706555621	-17.3136706555621	-13.8659208680281	-13.8659208680281	-19.0537065531581	-11.5168748781862	-11.5168748781862	-19.274696986684	-19.274696986684	-19.6129220068037	-19.6129220068037	-13.1333495252602	-13.1333495252602	-16.8385797702623	-14.3540007658424	-14.3540007658424	-16.2793115471345	-16.2793115471345	-16.9635607861526	-14.106777808361	-14.106777808361	-15.516655056978	-15.5755445190289	-15.5755445190289	-18.455622478089	-12.1096479340963	-16.9125819535171	-11.6928103652462	-11.6928103652462	-12.9805986585278	-12.9805986585278	-18.8741806853018	-18.8741806853018	-12.9394799603102	-12.9394799603102	-11.4591579711129	-11.4591579711129	-13.0718722846783	-13.0718722846783	-11.4674639651686	-11.4674639651686	-14.0538046910047	-14.0538046910047	-11.8034195440378	-11.8034195440378	-11.0734725362907	-16.8385797702623	-16.8385797702623	-18.4235405801848	-18.4235405801848	-14.9307392580798	-14.9307392580798	-18.8150973446023	-21.7642800159448	-11.6997905821835	-11.6997905821835	-18.1862408698655	-18.1862408698655	-11.8143046959474	-11.8143046959474	-12.2629175545761	-12.2629175545761	-11.7667621823914	-11.7667621823914	-13.6956232839074	-13.6956232839074	-17.8385797702623	-13.4693460696804	-13.4693460696804	-17.0926470478683	-17.0926470478683	-22.4214370714075	-11.2011459849674	-11.2011459849674	-13.0836969021496	-13.0836969021496	-13.1197636202554	-13.1197636202554	-13.544981768317	-13.544981768317	-11.0734725362907	-11.8360396791543	-11.8360396791543	-10.8467761229896	-10.8467761229896	-17.0860584462406	-17.0860584462406	-19.5824694334939	-10.4143716279933	-10.4143716279933	-18.970541702963	-17.6366773175005	-14.2020348319119	-13.3150182552835	-17.9975088204783	-19.1290237706279	-19.1290237706279	-13.8252830717442	-13.8252830717442
RDS_3_S95	-8.55028519682039	-8.55028519682039	-23.370165197897	-11.6845667657468	-11.6845667657468	-7.51855687882901	-7.51855687882901	-11.1566629369212	-11.1566629369212	-23.370165197897	-11.032504747207	-11.032504747207	-16.1269986741282	-24.9814065691058	-13.4774272301515	-13.4774272301515	-15.1357496821311	-14.1862989624986	-11.9082577639444	-11.9082577639444	-11.8794081170652	-11.8794081170652	-19.1139534973397	-19.1139534973397	-20.1139534973397	-18.5267498974344	-18.455622478089	-9.73843750899716	-9.73843750899716	-20.0069669639632	-10.4920908720657	-10.4920908720657	-19.764274876989	-18.4311795022212	-18.4311795022212	-20.7642800159448	-19.0911053354546	-19.0911053354546	-18.6340777842397	-18.5267498974344	-18.5267498974344	-22.3580660675428	-20.6989200908418	-20.6989200908418	-20.0637669705901	-18.4943701321221	-17.8256793317266	-17.8256793317266	-10.1011579437026	-19.4301803811814	-19.4301803811814	-10.1011579437026	-24.9814065691058	-12.0233681205218	-12.0233681205218	-24.9150551340174	-13.4544239328512	-13.4544239328512	-13.8372459234803	-12.0317343519251	-10.3040091506518	-10.3040091506518	-22.6158632349001	-15.921809359711	-15.921809359711	-17.7642780888342	-17.7642780888342	-22.9995376434768	-22.9995376434768	-16.5804844627529	-16.5804844627529	-19.6776095485895	-19.6776095485895	-9.64992826925812	-9.64992826925812	-17.9125819535171	-17.9125819535171	-12.9028115784394	-18.1203030655474	-18.1203030655474	-16.8385831518654	-16.8385831518654	-13.8372459234803	-19.0524548999374	-11.7817604921619	-11.7817604921619	-10.2146616745806	-10.2146616745806	-18.9066319401133	-10.3610335357076	-10.3610335357076	-19.764274876989	-18.4301803811814	-18.4301803811814	-15.6714450302766	-15.7582492157881	-12.7525253561228	-12.7525253561228	-18.9066319401133	-19.1290237706279	-19.1290237706279	-10.2318434396136	-10.2318434396136	-12.4229101561116	-12.4229101561116	-15.9491316515571	-10.4833593230619	-10.4833593230619	-19.274696986684	-19.274696986684	-24.133410193539	-24.133410193539	-12.0759338605124	-12.0759338605124	-19.1290237706279	-11.3184974088042	-11.3242049629962	-14.6779990159989	-14.6779990159989	-16.9635607861526	-12.092950798216	-12.092950798216	-18.7642813006866	-17.0024384848699	-17.0024384848699	-18.455622478089	-12.7465643315861	-19.8467423272828	-12.7632775434778	-12.7632775434778	-13.1306039760095	-13.1306039760095	-15.3063916126437	-15.3063916126437	-16.9741089462671	-16.9741089462671	-12.3461327619404	-12.3461327619404	-14.8731827983238	-14.8731827983238	-12.9453965860037	-12.9453965860037	-12.2630097348054	-12.2630097348054	-13.6073538125578	-13.6073538125578	-13.0178174652735	-20.1117123981556	-20.1117123981556	-20.5267526217185	-20.5267526217185	-23.9255564194833	-23.9255564194833	-18.8150973446023	-20.7642800159448	-11.6997905821835	-11.6997905821835	-21.6001041086764	-21.6001041086764	-12.4471323248428	-12.4471323248428	-11.839001686449	-11.839001686449	-12.6622548429761	-12.6622548429761	-12.3219834954406	-12.3219834954406	-19.1290237706279	-12.7849948024762	-12.7849948024762	-17.0926470478683	-17.0926470478683	-19.4487822279807	-13.100045966706	-13.100045966706	-12.0945525316631	-12.0945525316631	-15.219958031446	-15.219958031446	-19.1341072839857	-19.1341072839857	-13.0178174652735	-12.9483583215276	-12.9483583215276	-12.874464932183	-12.874464932183	-19.8453690635324	-19.8453690635324	-14.4345854044668	-13.2094031376328	-13.2094031376328	-18.970541702963	-15.5822386800918	-19.8733837061766	-11.3683684829815	-17.9975088204783	-19.1290237706279	-19.1290237706279	-12.589120493926	-12.589120493926
pfpos_6_S107	-7.56858371212869	-7.56858371212869	-23.370165197897	-10.5376890728883	-10.5376890728883	-15.2546721504502	-15.2546721504502	-11.1566629369212	-11.1566629369212	-23.370165197897	-16.7608342826927	-16.7608342826927	-16.1269986741282	-24.9814065691058	-9.09390910217957	-9.09390910217957	-22.9274943859324	-22.9274943859324	-8.34303193956572	-8.34303193956572	-16.8334101244488	-16.8334101244488	-19.1139534973397	-19.1139534973397	-20.1139534973397	-18.5267498974344	-18.455622478089	-12.0176559410989	-12.0176559410989	-20.0069669639632	-8.9981655969721	-8.9981655969721	-13.2613230599573	-18.4311795022212	-18.4311795022212	-21.7642800159448	-19.0911053354546	-19.0911053354546	-23.3304007417574	-18.5267498974344	-18.5267498974344	-22.3580660675428	-20.6989200908418	-20.6989200908418	-20.0637669705901	-18.4943701321221	-11.2193579991587	-11.2193579991587	-9.56230930911357	-19.4301803811814	-19.4301803811814	-9.56230930911357	-24.9814065691058	-18.0126481023071	-18.0126481023071	-24.9150551340174	-19.1290237706279	-19.1290237706279	-23.7869791696678	-11.151422541546	-17.5231420151844	-17.5231420151844	-22.6158632349001	-14.3318847917502	-14.3318847917502	-21.9833744248001	-21.9833744248001	-22.9995376434768	-22.9995376434768	-16.5804844627529	-16.5804844627529	-19.6776095485895	-19.6776095485895	-19.1139534973397	-19.1139534973397	-17.9125819535171	-17.9125819535171	-12.0317222705698	-12.7009236214955	-12.7009236214955	-16.8385831518654	-16.8385831518654	-23.7869791696678	-19.0524548999374	-12.4199977461159	-12.4199977461159	-11.7661967374549	-11.7661967374549	-18.9066319401133	-16.0767001860639	-16.0767001860639	-13.2613230599573	-18.4301803811814	-18.4301803811814	-21.0314247628754	-21.3883954105567	-16.3937631133029	-16.3937631133029	-18.9066319401133	-19.1290237706279	-19.1290237706279	-17.3136706555621	-17.3136706555621	-21.4560374540498	-21.4560374540498	-19.0537065531581	-13.7733224406255	-13.7733224406255	-19.274696986684	-19.274696986684	-24.133410193539	-24.133410193539	-12.138557089583	-12.138557089583	-19.1290237706279	-19.9234904946995	-15.8444155164434	-23.5904526850796	-23.5904526850796	-16.9635607861526	-12.3985348048193	-12.3985348048193	-19.7642813006866	-16.780206535557	-16.780206535557	-18.455622478089	-17.5267471731555	-23.3304007417574	-23.7746801351621	-23.7746801351621	-12.8282702686227	-12.8282702686227	-25.6035667204125	-25.6035667204125	-15.100000365434	-15.100000365434	-19.1290237706279	-19.1290237706279	-11.3587622522896	-11.3587622522896	-18.5267498974344	-18.5267498974344	-12.6599748176947	-12.6599748176947	-12.0287412702111	-12.0287412702111	-11.107523135411	-20.1117123981556	-20.1117123981556	-20.5267526217185	-20.5267526217185	-23.9255564194833	-23.9255564194833	-18.8150973446023	-21.7642800159448	-11.6997905821835	-11.6997905821835	-21.6001041086764	-21.6001041086764	-19.1666789367215	-19.1666789367215	-12.2962930279842	-12.2962930279842	-19.3425290079609	-19.3425290079609	-12.7268311579397	-12.7268311579397	-19.1290237706279	-13.0306293265908	-13.0306293265908	-17.0926470478683	-17.0926470478683	-22.4214370714075	-19.6644583017019	-19.6644583017019	-12.5664097236532	-12.5664097236532	-23.3290622793713	-23.3290622793713	-19.1341072839857	-19.1341072839857	-11.5911531764078	-19.5267526217185	-19.5267526217185	-11.3739363876326	-11.3739363876326	-20.9022499761597	-20.9022499761597	-19.5824694334939	-11.6691213170701	-11.6691213170701	-18.970541702963	-24.4030860651938	-19.8733837061766	-23.2188372193286	-17.9975088204783	-19.1290237706279	-19.1290237706279	-12.4894212628118	-12.4894212628118
RDS_5_S97	-13.5508131508815	-13.5508131508815	-13.2052414029147	-15.2320335936288	-15.2320335936288	-15.2546721504502	-15.2546721504502	-11.1566629369212	-11.1566629369212	-13.2052414029147	-8.86582932868538	-8.86582932868538	-16.1269986741282	-10.073705730784	-18.5491447832645	-18.5491447832645	-21.0080192557674	-21.0080192557674	-16.7289236078723	-16.7289236078723	-8.75854110431814	-8.75854110431814	-19.1139534973397	-19.1139534973397	-20.1139534973397	-18.5267498974344	-9.39148897665423	-20.1341072839857	-20.1341072839857	-9.39148897665423	-15.7197153086076	-15.7197153086076	-22.3580660675428	-10.6972708414684	-10.6972708414684	-11.8588946372841	-10.6216966370381	-10.6216966370381	-14.7023459807599	-18.5267498974344	-18.5267498974344	-22.3580660675428	-20.6989200908418	-20.6989200908418	-9.80498023939707	-9.80498023939707	-20.996448319118	-20.996448319118	-13.7572120898732	-19.4301803811814	-19.4301803811814	-13.7572120898732	-11.0697868549914	-9.80703364079465	-9.80703364079465	-11.0776352806462	-9.49133266583894	-9.49133266583894	-9.22581524253756	-18.5491447832645	-17.5231420151844	-17.5231420151844	-22.6158632349001	-16.921809359711	-16.921809359711	-18.8029848106101	-18.8029848106101	-11.2387926802386	-11.2387926802386	-16.5804844627529	-16.5804844627529	-9.97153332239382	-9.97153332239382	-19.1139534973397	-19.1139534973397	-17.9125819535171	-17.9125819535171	-18.5491447832645	-18.1203030655474	-18.1203030655474	-10.2991167563856	-10.2991167563856	-9.22581524253756	-9.96337699347294	-18.3498365105703	-18.3498365105703	-11.7661967374549	-11.7661967374549	-11.5457794913701	-16.0767001860639	-16.0767001860639	-21.996446810063	-18.4301803811814	-18.4301803811814	-16.5012163825438	-21.3883954105567	-10.3378263867662	-10.3378263867662	-11.5457794913701	-19.1290237706279	-19.1290237706279	-17.3136706555621	-17.3136706555621	-21.4560374540498	-21.4560374540498	-19.0537065531581	-13.7733224406255	-13.7733224406255	-10.0899208857584	-10.0899208857584	-24.133410193539	-24.133410193539	-16.8121791890983	-16.8121791890983	-11.0532723732966	-18.9234904946995	-15.8444155164434	-19.3107100664432	-19.3107100664432	-16.9635607861526	-17.1341093591624	-17.1341093591624	-10.2403083554345	-20.7456766581692	-20.7456766581692	-10.5631515969711	-10.1061104596155	-14.7023459807599	-10.3779392754078	-10.3779392754078	-17.1242651730096	-17.1242651730096	-25.6035667204125	-25.6035667204125	-23.1822969067775	-23.1822969067775	-10.3267429495567	-10.3267429495567	-17.2272166883772	-17.2272166883772	-11.4110520300856	-11.4110520300856	-17.4941011114921	-17.4941011114921	-17.5491503170758	-17.5491503170758	-16.549143399815	-20.1117123981556	-20.1117123981556	-20.5267526217185	-20.5267526217185	-22.9255564194833	-22.9255564194833	-12.9313093583468	-12.789941639105	-11.6997905821835	-11.6997905821835	-21.6001041086764	-21.6001041086764	-10.3824558397774	-10.3824558397774	-16.4522862624518	-16.4522862624518	-10.4646906633443	-10.4646906633443	-16.8121791890983	-16.8121791890983	-10.8783160120995	-16.6746786837883	-16.6746786837883	-10.6566313854271	-10.6566313854271	-22.4214370714075	-11.1689506688405	-11.1689506688405	-17.8121808492395	-17.8121808492395	-23.3290622793713	-23.3290622793713	-19.1341072839857	-19.1341072839857	-16.549143399815	-10.6894543797889	-10.6894543797889	-18.033427950567	-18.033427950567	-15.6778137222751	-15.6778137222751	-19.5824694334939	-17.3267499903012	-17.3267499903012	-16.3160698750566	-23.4030860651938	-10.572789915855	-23.2188372193286	-9.96337699347294	-10.7183306604643	-10.7183306604643	-17.5491503170758	-17.5491503170758
CM_9_S79	-12.5508131508815	-12.5508131508815	-6.10018214574982	-14.2320335936288	-14.2320335936288	-15.2546721504502	-15.2546721504502	-11.1566629369212	-11.1566629369212	-7.39448852268948	-7.48140636885072	-7.48140636885072	-7.35686388779831	-10.0324140911127	-17.5491447832645	-17.5491447832645	-7.7082093752116	-7.7082093752116	-15.7289236078723	-15.7289236078723	-8.16836035296178	-8.16836035296178	-16.5491503170758	-16.5491503170758	-15.6908726251117	-15.6908726251117	-18.455622478089	-19.1341072839857	-19.1341072839857	-20.0069669639632	-14.7197153086076	-14.7197153086076	-19.1341072839857	-10.461011368687	-10.461011368687	-8.20212201324932	-19.0911053354546	-19.0911053354546	-8.22468408605194	-15.7648772230285	-15.7648772230285	-22.3580660675428	-15.6451309410479	-15.6451309410479	-8.85985818107903	-8.85985818107903	-19.2596411845094	-19.2596411845094	-12.7572120898732	-16.1341093591624	-16.1341093591624	-12.7572120898732	-11.0278192528103	-8.85671797812266	-8.85671797812266	-11.0370205788396	-10.3515964961686	-10.3515964961686	-23.7869791696678	-17.5491447832645	-14.7742135488279	-14.7742135488279	-8.62498846890676	-14.9408224157582	-14.9408224157582	-8.77731372748988	-8.77731372748988	-9.83166851101532	-9.83166851101532	-15.5804844627529	-15.5804844627529	-12.1337644020238	-12.1337644020238	-16.8121808492395	-16.8121808492395	-17.9125819535171	-17.9125819535171	-17.5491447832645	-17.1203030655474	-17.1203030655474	-13.1493172835046	-13.1493172835046	-23.7869791696678	-12.617288963024	-17.3498365105703	-17.3498365105703	-11.7661967374549	-11.7661967374549	-13.1497892237311	-16.0767001860639	-16.0767001860639	-19.1341072839857	-16.8121808492395	-16.8121808492395	-8.85693201790844	-8.87016362191089	-9.14743270118833	-9.14743270118833	-13.1497892237311	-19.1290237706279	-19.1290237706279	-15.7239958316399	-15.7239958316399	-20.4560374540498	-20.4560374540498	-12.882940021189	-13.7733224406255	-13.7733224406255	-12.8770673531416	-12.8770673531416	-8.98500583458624	-8.98500583458624	-15.8121791890983	-15.8121791890983	-13.5574628463685	-13.2878177001317	-15.8444155164434	-8.99164414851817	-8.99164414851817	-16.9635607861526	-16.1341093591624	-16.1341093591624	-13.4537115635973	-17.368574002453	-17.368574002453	-18.455622478089	-9.53091323769449	-9.23938899301164	-9.43618319412908	-9.43618319412908	-16.1242651730096	-16.1242651730096	-9.10256736215558	-9.10256736215558	-17.6073685768378	-17.6073685768378	-9.64509166558885	-9.64509166558885	-16.2272166883772	-16.2272166883772	-9.24567220963522	-9.24567220963522	-16.4941011114921	-16.4941011114921	-16.5491503170758	-16.5491503170758	-15.549143399815	-20.1117123981556	-20.1117123981556	-17.0752142589883	-17.0752142589883	-16.1388901817519	-16.1388901817519	-9.19443955411646	-9.20984560116393	-11.6997905821835	-11.6997905821835	-17.5559619053326	-17.5559619053326	-9.53779201469035	-9.53779201469035	-15.4522862624518	-15.4522862624518	-9.65082099383406	-9.65082099383406	-15.8121791890983	-15.8121791890983	-12.6920273194271	-15.6746786837883	-15.6746786837883	-13.0717977531154	-13.0717977531154	-9.21012755025385	-9.4959608091656	-9.4959608091656	-16.8121808492395	-16.8121808492395	-18.1341072839857	-18.1341072839857	-18.1341072839857	-18.1341072839857	-15.549143399815	-9.54006718698863	-9.54006718698863	-17.033427950567	-17.033427950567	-9.32890681590998	-9.32890681590998	-9.3068644839976	-16.3267499903012	-16.3267499903012	-9.95861749389263	-9.31325648852877	-12.8123784196788	-17.5491447832645	-12.617288963024	-12.7168220466418	-12.7168220466418	-16.5491503170758	-16.5491503170758
pfpos_7_S108	-6.91098615530333	-6.91098615530333	-23.370165197897	-7.46507909424091	-7.46507909424091	-12.4720221954181	-12.4720221954181	-11.1566629369212	-11.1566629369212	-23.370165197897	-13.8734902333276	-13.8734902333276	-16.1269986741282	-24.9814065691058	-8.14049524136757	-8.14049524136757	-22.9274943859324	-22.9274943859324	-8.88796705697405	-8.88796705697405	-13.2119743971554	-13.2119743971554	-19.1139534973397	-19.1139534973397	-20.1139534973397	-18.5267498974344	-18.455622478089	-13.5118712597165	-13.5118712597165	-20.0069669639632	-8.99967871873705	-8.99967871873705	-12.1442275299347	-18.4311795022212	-18.4311795022212	-21.7642800159448	-19.0911053354546	-19.0911053354546	-23.3304007417574	-18.5267498974344	-18.5267498974344	-22.3580660675428	-20.6989200908418	-20.6989200908418	-20.0637669705901	-18.4943701321221	-11.9602147048806	-11.9602147048806	-9.85687850498487	-19.4301803811814	-19.4301803811814	-9.85687850498487	-24.9814065691058	-14.3422095489781	-14.3422095489781	-24.9150551340174	-19.1290237706279	-19.1290237706279	-22.0735652872178	-10.6589061287262	-8.95549139290591	-8.95549139290591	-22.6158632349001	-9.66530908330697	-9.66530908330697	-14.8857193735442	-14.8857193735442	-22.9995376434768	-22.9995376434768	-10.3633654131504	-10.3633654131504	-19.6776095485895	-19.6776095485895	-14.637124262717	-14.637124262717	-17.9125819535171	-17.9125819535171	-10.6752277675945	-9.44304552684988	-9.44304552684988	-16.8385831518654	-16.8385831518654	-22.0735652872178	-19.0524548999374	-10.2640347502858	-10.2640347502858	-9.56890143689701	-9.56890143689701	-18.9066319401133	-15.0767001860639	-15.0767001860639	-12.1442275299347	-18.4301803811814	-18.4301803811814	-21.0314247628754	-21.3883954105567	-14.8447508418342	-14.8447508418342	-18.9066319401133	-19.1290237706279	-19.1290237706279	-9.41368269476738	-9.41368269476738	-21.4560374540498	-21.4560374540498	-19.0537065531581	-12.3560217592327	-12.3560217592327	-19.274696986684	-19.274696986684	-24.133410193539	-24.133410193539	-10.225131261771	-10.225131261771	-19.1290237706279	-14.8368426744887	-14.8444155164434	-23.5904526850796	-23.5904526850796	-16.9635607861526	-10.3509368905485	-10.3509368905485	-19.7642813006866	-13.1753058192422	-13.1753058192422	-18.455622478089	-13.8447487192765	-23.3304007417574	-14.5817150209616	-14.5817150209616	-9.82346234563805	-9.82346234563805	-25.6035667204125	-25.6035667204125	-10.7352172611841	-10.7352172611841	-14.1666784060818	-14.1666784060818	-10.495448382699	-10.495448382699	-14.5589959946855	-14.5589959946855	-10.3635953869543	-10.3635953869543	-10.4642238690436	-10.4642238690436	-10.0390272705039	-20.1117123981556	-20.1117123981556	-20.5267526217185	-20.5267526217185	-11.770109124655	-11.770109124655	-18.8150973446023	-21.7642800159448	-11.6997905821835	-11.6997905821835	-21.6001041086764	-21.6001041086764	-18.1666789367215	-18.1666789367215	-11.4440741807291	-11.4440741807291	-15.8262508749992	-15.8262508749992	-10.2177988759814	-10.2177988759814	-19.1290237706279	-10.3393526242985	-10.3393526242985	-17.0926470478683	-17.0926470478683	-22.4214370714075	-14.9678956260793	-14.9678956260793	-10.5721242690125	-10.5721242690125	-15.5578229289081	-15.5578229289081	-19.1341072839857	-19.1341072839857	-10.1816304437991	-14.7072465462447	-14.7072465462447	-10.2111977493883	-10.2111977493883	-20.9022499761597	-20.9022499761597	-19.5824694334939	-11.3828699404751	-11.3828699404751	-18.970541702963	-24.4030860651938	-19.8733837061766	-23.2188372193286	-17.9975088204783	-19.1290237706279	-19.1290237706279	-10.8957742293166	-10.8957742293166
RDS_4_S96	-13.5508131508815	-13.5508131508815	-11.7867930804229	-15.2320335936288	-15.2320335936288	-11.9179388236856	-11.9179388236856	-11.1566629369212	-11.1566629369212	-13.5439940655024	-8.63555289432297	-8.63555289432297	-13.3613713105195	-24.9814065691058	-18.5491447832645	-18.5491447832645	-22.9274943859324	-22.9274943859324	-10.4252034601083	-10.4252034601083	-9.69267425664653	-9.69267425664653	-19.1139534973397	-19.1139534973397	-20.1139534973397	-18.5267498974344	-18.455622478089	-14.5251781623958	-13.8582217444626	-20.0069669639632	-15.7197153086076	-15.7197153086076	-21.3580660675428	-18.4311795022212	-18.4311795022212	-21.7642800159448	-19.0911053354546	-19.0911053354546	-13.0106441090022	-18.5267498974344	-18.5267498974344	-21.3580660675428	-20.6989200908418	-20.6989200908418	-20.0637669705901	-18.4943701321221	-18.1654229285359	-18.1654229285359	-11.3217840634044	-19.4301803811814	-19.4301803811814	-11.3217840634044	-24.9814065691058	-9.66782989447913	-9.66782989447913	-24.9150551340174	-12.1139389169021	-12.1139389169021	-23.7869791696678	-10.6934982682728	-16.2706057355036	-16.2706057355036	-21.6158632349001	-16.921809359711	-16.921809359711	-12.9831779744462	-12.9831779744462	-22.9995376434768	-22.9995376434768	-16.5804844627529	-16.5804844627529	-19.6776095485895	-19.6776095485895	-10.2766247032355	-10.2766247032355	-17.9125819535171	-17.9125819535171	-10.7704744867051	-18.1203030655474	-18.1203030655474	-16.8385831518654	-16.8385831518654	-23.7869791696678	-19.0524548999374	-18.3498365105703	-18.3498365105703	-11.7661967374549	-11.7661967374549	-18.9066319401133	-14.4870008833189	-14.4870008833189	-21.996446810063	-18.4301803811814	-18.4301803811814	-15.7711404395405	-15.7902665816989	-10.3071715313847	-10.3071715313847	-18.9066319401133	-19.1290237706279	-19.1290237706279	-16.3136706555621	-16.3136706555621	-10.783775999433	-10.783775999433	-9.83898318803794	-12.7733224406255	-12.7733224406255	-19.274696986684	-19.274696986684	-16.5900239501439	-16.5900239501439	-16.8121791890983	-16.8121791890983	-19.1290237706279	-14.1529604679922	-14.1529604679922	-14.8164770469382	-14.8164770469382	-16.9635607861526	-17.1341093591624	-17.1341093591624	-19.7642813006866	-20.7456766581692	-20.7456766581692	-18.455622478089	-10.3748096341001	-14.6712417558539	-10.4710942426775	-10.4710942426775	-17.1242651730096	-17.1242651730096	-16.3199240259505	-16.3199240259505	-23.1822969067775	-23.1822969067775	-10.5737262955166	-10.5737262955166	-17.2272166883772	-17.2272166883772	-10.5850038662664	-10.5850038662664	-17.4941011114921	-17.4941011114921	-17.5491503170758	-17.5491503170758	-16.549143399815	-20.1117123981556	-20.1117123981556	-20.5267526217185	-20.5267526217185	-23.9255564194833	-23.9255564194833	-18.8150973446023	-21.7642800159448	-11.6997905821835	-11.6997905821835	-21.6001041086764	-21.6001041086764	-10.4441405058526	-10.4441405058526	-16.4522862624518	-16.4522862624518	-10.6562495056971	-10.6562495056971	-16.8121791890983	-16.8121791890983	-19.1290237706279	-16.6746786837883	-16.6746786837883	-17.0926470478683	-17.0926470478683	-14.4981216669304	-10.9266655480478	-10.9266655480478	-17.8121808492395	-17.8121808492395	-11.6536163573954	-11.6536163573954	-19.1341072839857	-19.1341072839857	-16.549143399815	-10.5536661451464	-10.5536661451464	-18.033427950567	-18.033427950567	-14.4965567859043	-14.4965567859043	-15.9657473521418	-17.3267499903012	-17.3267499903012	-18.970541702963	-15.00530341563	-19.8733837061766	-10.0339045958072	-17.9975088204783	-19.1290237706279	-19.1290237706279	-17.5491503170758	-17.5491503170758
CM_5_S75	-6.63137332968122	-6.63137332968122	-23.370165197897	-7.27219919935907	-7.27219919935907	-9.73140559532447	-9.73140559532447	-11.1566629369212	-11.1566629369212	-23.370165197897	-14.1282950284261	-14.1282950284261	-16.1269986741282	-23.9814065691058	-10.0349394821466	-10.0349394821466	-22.9274943859324	-22.9274943859324	-9.63460649051786	-9.63460649051786	-14.8046659008305	-14.8046659008305	-11.6024180573314	-11.6024180573314	-11.3197543799925	-11.3197543799925	-18.455622478089	-10.7014592442396	-10.7014592442396	-20.0069669639632	-8.65063544715073	-8.65063544715073	-13.2656784225842	-18.4311795022212	-18.4311795022212	-21.7642800159448	-19.0911053354546	-19.0911053354546	-20.6594784742185	-11.4336528800637	-11.4336528800637	-22.3580660675428	-13.3821196389248	-13.3821196389248	-20.0637669705901	-18.4943701321221	-13.6921342469694	-13.6921342469694	-9.95758427082995	-12.3602709868193	-12.3602709868193	-9.95758427082995	-23.9814065691058	-16.3999375831375	-16.3999375831375	-24.9150551340174	-19.1290237706279	-19.1290237706279	-22.4895497558646	-10.8309009746089	-17.5231420151844	-17.5231420151844	-22.6158632349001	-9.56287659920146	-9.56287659920146	-21.9833744248001	-21.9833744248001	-22.9995376434768	-22.9995376434768	-9.83003929710615	-9.83003929710615	-19.6776095485895	-19.6776095485895	-19.1139534973397	-19.1139534973397	-17.9125819535171	-17.9125819535171	-10.9707412346898	-10.1797734830545	-10.1797734830545	-16.8385831518654	-16.8385831518654	-22.4895497558646	-19.0524548999374	-9.8332469233544	-9.8332469233544	-11.7661967374549	-11.7661967374549	-18.9066319401133	-11.6598207656524	-11.6598207656524	-13.2656784225842	-18.4301803811814	-18.4301803811814	-21.0314247628754	-21.3883954105567	-15.3740788286082	-15.3740788286082	-18.9066319401133	-19.1290237706279	-19.1290237706279	-17.3136706555621	-17.3136706555621	-21.4560374540498	-21.4560374540498	-19.0537065531581	-11.3105167302212	-11.3105167302212	-19.274696986684	-19.274696986684	-23.133410193539	-23.133410193539	-9.9714840757457	-9.9714840757457	-19.1290237706279	-12.0658414836734	-12.069817866086	-23.5904526850796	-23.5904526850796	-16.9635607861526	-10.6705667326684	-10.6705667326684	-19.7642813006866	-9.49086547688799	-9.49086547688799	-18.455622478089	-16.1676259088769	-20.6594784742185	-18.4895540037643	-18.4895540037643	-10.383326552036	-10.383326552036	-24.5770162078289	-24.5770162078289	-11.3776206314553	-11.3776206314553	-16.9870530385432	-16.9870530385432	-9.94292648244397	-9.94292648244397	-17.4895540037643	-17.4895540037643	-10.4341937187047	-10.4341937187047	-9.63516852215177	-9.63516852215177	-9.76905135643989	-12.0138205727979	-12.0138205727979	-12.5813542313577	-12.5813542313577	-9.65918372507383	-9.65918372507383	-18.8150973446023	-21.7642800159448	-11.6997905821835	-11.6997905821835	-12.693345372585	-12.693345372585	-16.4895540037643	-16.4895540037643	-10.1088113392402	-10.1088113392402	-17.4895540037643	-17.4895540037643	-9.9867920971546	-9.9867920971546	-19.1290237706279	-10.2842864430599	-10.2842864430599	-17.0926470478683	-17.0926470478683	-22.4214370714075	-18.4895540037643	-18.4895540037643	-10.3515192124854	-10.3515192124854	-17.4895540037643	-17.4895540037643	-11.4206066500468	-11.4206066500468	-9.76905135643989	-16.4895540037643	-16.4895540037643	-10.1962257923452	-10.1962257923452	-20.9022499761597	-20.9022499761597	-19.5824694334939	-9.75824121967319	-9.75824121967319	-18.970541702963	-24.4030860651938	-19.8733837061766	-23.2188372193286	-17.9975088204783	-19.1290237706279	-19.1290237706279	-9.99100683528768	-9.99100683528768
CM_7_S77	-9.84794298539277	-9.84794298539277	-19.199047544361	-11.3656211194206	-11.3656211194206	-15.2546721504502	-15.2546721504502	-11.1566629369212	-11.1566629369212	-19.199047544361	-8.81333474618569	-8.81333474618569	-16.1269986741282	-11.2699864064055	-16.877117712899	-16.877117712899	-22.9274943859324	-22.9274943859324	-11.7173223137494	-11.7173223137494	-9.8422240265661	-9.8422240265661	-19.1139534973397	-19.1139534973397	-20.1139534973397	-18.5267498974344	-11.8240062299814	-16.0092184656334	-16.0092184656334	-16.877117712899	-13.0805066891694	-13.0805066891694	-14.3251885276639	-11.7987655521741	-11.7987655521741	-21.7642800159448	-11.8377601766597	-11.8377601766597	-19.74670433174	-18.5267498974344	-18.5267498974344	-14.4045827105346	-20.6989200908418	-20.6989200908418	-10.1280283026156	-10.1280283026156	-20.996448319118	-20.996448319118	-11.1469108240271	-19.4301803811814	-19.4301803811814	-11.1469108240271	-12.2697049810458	-9.72361472841461	-9.72361472841461	-12.270260759913	-11.3559385660233	-11.3559385660233	-23.7869791696678	-10.1553642147634	-13.1432482763771	-13.1432482763771	-22.6158632349001	-13.5789936408863	-13.5789936408863	-19.9768153930606	-19.9768153930606	-12.3064953825718	-12.3064953825718	-14.4003056486216	-14.4003056486216	-12.0227976847719	-12.0227976847719	-10.8374961634242	-10.8374961634242	-17.9125819535171	-17.9125819535171	-10.2514394030794	-13.5503890413715	-13.5503890413715	-11.5601491042717	-11.5601491042717	-23.7869791696678	-12.0951962482387	-13.5690636130604	-13.5690636130604	-9.96994668789996	-9.96994668789996	-12.6266833952565	-16.0767001860639	-16.0767001860639	-18.5482817685355	-18.4301803811814	-18.4301803811814	-21.0314247628754	-21.3883954105567	-10.2327059265479	-10.2327059265479	-12.6266833952565	-19.1290237706279	-19.1290237706279	-13.120804159707	-13.120804159707	-9.67328521358306	-9.67328521358306	-19.0537065531581	-13.7733224406255	-13.7733224406255	-11.7291214612672	-11.7291214612672	-24.133410193539	-24.133410193539	-14.2387480538746	-14.2387480538746	-11.9882391128593	-19.9234904946995	-15.8444155164434	-23.5904526850796	-23.5904526850796	-11.9882391128593	-13.7791417464431	-13.7791417464431	-12.0442260840263	-17.6371683766601	-17.6371683766601	-18.455622478089	-10.6820829327054	-20.2888004664115	-10.0034410848726	-10.0034410848726	-14.0174800797843	-14.0174800797843	-25.6035667204125	-25.6035667204125	-14.7065597727408	-14.7065597727408	-10.1238594575905	-10.1238594575905	-15.0025540337523	-15.0025540337523	-11.2205211327179	-11.2205211327179	-14.8308095283186	-14.8308095283186	-15.1838750457209	-15.1838750457209	-14.2921540544625	-20.1117123981556	-20.1117123981556	-20.5267526217185	-20.5267526217185	-15.286051351431	-15.286051351431	-18.8150973446023	-21.7642800159448	-11.6997905821835	-11.6997905821835	-21.6001041086764	-21.6001041086764	-10.2905609058011	-10.2905609058011	-14.4197969432536	-14.4197969432536	-10.2713087716561	-10.2713087716561	-14.8635771373587	-14.8635771373587	-12.1473394365568	-14.4137165432291	-14.4137165432291	-12.2475353383657	-12.2475353383657	-21.4214370714075	-10.3969797055451	-10.3969797055451	-14.244849553418	-14.244849553418	-11.1452499268218	-11.1452499268218	-19.1341072839857	-19.1341072839857	-14.2921540544625	-10.6453550626547	-10.6453550626547	-15.1551013205727	-15.1551013205727	-20.9022499761597	-20.9022499761597	-19.5824694334939	-15.6140835964941	-15.6140835964941	-18.970541702963	-24.4030860651938	-12.4078498071107	-10.0080033782504	-13.0935370533394	-12.6986392506895	-12.6986392506895	-14.9511182029441	-14.9511182029441
pfpos_9_S110	-7.07676640198871	-7.07676640198871	-23.370165197897	-7.88829857783386	-7.88829857783386	-11.4753086255963	-11.4753086255963	-11.1566629369212	-11.1566629369212	-23.370165197897	-16.7608342826927	-16.7608342826927	-16.1269986741282	-24.9814065691058	-9.65536272388664	-9.65536272388664	-22.9274943859324	-22.9274943859324	-8.93045598175904	-8.93045598175904	-16.8334101244488	-16.8334101244488	-19.1139534973397	-19.1139534973397	-16.4301803811814	-16.4301803811814	-18.455622478089	-13.3947447794539	-13.3947447794539	-20.0069669639632	-9.24690760010953	-9.24690760010953	-14.3012708613071	-18.4311795022212	-18.4311795022212	-21.7642800159448	-19.0911053354546	-19.0911053354546	-23.3304007417574	-18.5267498974344	-18.5267498974344	-22.3580660675428	-17.0516687579277	-17.0516687579277	-20.0637669705901	-18.4943701321221	-20.996448319118	-20.996448319118	-9.94883162329056	-18.4301803811814	-18.4301803811814	-9.94883162329056	-24.9814065691058	-18.0126481023071	-18.0126481023071	-24.9150551340174	-19.1290237706279	-19.1290237706279	-23.7869791696678	-9.50084423115176	-12.3945598893638	-12.3945598893638	-22.6158632349001	-9.66699695335876	-9.66699695335876	-21.9833744248001	-21.9833744248001	-22.9995376434768	-22.9995376434768	-10.5412706148638	-10.5412706148638	-19.6776095485895	-19.6776095485895	-12.6152960898105	-12.6152960898105	-16.479091738833	-16.479091738833	-9.7947055886034	-11.2112422157293	-11.2112422157293	-16.8385831518654	-16.8385831518654	-23.7869791696678	-19.0524548999374	-10.1959465467972	-10.1959465467972	-11.7661967374549	-11.7661967374549	-18.9066319401133	-13.7767909575434	-13.7767909575434	-14.3012708613071	-17.4301803811814	-17.4301803811814	-21.0314247628754	-21.3883954105567	-16.3937631133029	-16.3937631133029	-18.9066319401133	-18.0437625852377	-18.0437625852377	-11.3264854301498	-11.3264854301498	-12.9169677891053	-12.9169677891053	-13.910570857193	-11.2658063028158	-11.2658063028158	-19.274696986684	-19.274696986684	-24.133410193539	-24.133410193539	-10.2631763832449	-10.2631763832449	-19.1290237706279	-14.3814497814849	-14.3814497814849	-23.5904526850796	-23.5904526850796	-16.9635607861526	-9.9772428294019	-9.9772428294019	-19.7642813006866	-11.0384581968426	-11.0384581968426	-18.455622478089	-17.5267471731555	-23.3304007417574	-23.7746801351621	-23.7746801351621	-9.78726722099648	-9.78726722099648	-25.6035667204125	-25.6035667204125	-10.7902149742914	-10.7902149742914	-19.1290237706279	-19.1290237706279	-10.8823979736039	-10.8823979736039	-18.5267498974344	-18.5267498974344	-10.614293900081	-10.614293900081	-10.5147773739707	-10.5147773739707	-10.1325476603607	-20.1117123981556	-20.1117123981556	-17.2709821666152	-17.2709821666152	-23.9255564194833	-23.9255564194833	-18.8150973446023	-21.7642800159448	-11.6997905821835	-11.6997905821835	-20.6001041086764	-20.6001041086764	-19.1666789367215	-19.1666789367215	-11.5335260906922	-11.5335260906922	-19.3425290079609	-19.3425290079609	-10.3134345510958	-10.3134345510958	-19.1290237706279	-10.5750021564378	-10.5750021564378	-17.0926470478683	-17.0926470478683	-22.4214370714075	-19.6644583017019	-19.6644583017019	-10.1433412768972	-10.1433412768972	-14.273377084464	-14.273377084464	-19.1341072839857	-19.1341072839857	-10.6975535236852	-19.5267526217185	-19.5267526217185	-10.4582849356973	-10.4582849356973	-20.9022499761597	-20.9022499761597	-19.5824694334939	-11.8919366369983	-11.8919366369983	-18.970541702963	-24.4030860651938	-19.8733837061766	-13.4243749129879	-17.9975088204783	-19.1290237706279	-19.1290237706279	-10.3245286734207	-10.3245286734207
pfpos_1_S102	-13.5508131508815	-13.5508131508815	-16.0524509779665	-15.2320335936288	-15.2320335936288	-9.26697906676678	-9.26697906676678	-11.1566629369212	-11.1566629369212	-16.0524509779665	-11.7052671720616	-11.7052671720616	-16.1269986741282	-23.5602483635437	-18.5491447832645	-18.5491447832645	-14.20952612546	-14.20952612546	-8.92163500705531	-8.92163500705531	-12.3518151748722	-12.3518151748722	-16.3826018207837	-16.3826018207837	-16.559940012983	-16.559940012983	-18.455622478089	-11.6071044630931	-11.6071044630931	-20.0069669639632	-15.7197153086076	-15.7197153086076	-14.6169155426666	-18.4311795022212	-18.4311795022212	-21.7642800159448	-19.0911053354546	-19.0911053354546	-17.3154885213762	-15.4674884772453	-15.4674884772453	-14.6668557529923	-15.9259170751049	-15.9259170751049	-20.0637669705901	-18.4943701321221	-13.4531710453239	-13.4531710453239	-8.94628873840004	-15.7305228830791	-15.7305228830791	-8.94628873840004	-23.5602483635437	-13.5902961649807	-13.5902961649807	-24.9150551340174	-13.8825281553956	-13.8825281553956	-19.6374213226401	-9.29095306355091	-17.5231420151844	-17.5231420151844	-22.6158632349001	-16.921809359711	-16.921809359711	-20.3810756590494	-20.3810756590494	-22.9995376434768	-22.9995376434768	-16.5804844627529	-16.5804844627529	-19.6776095485895	-19.6776095485895	-19.1139534973397	-19.1139534973397	-17.9125819535171	-17.9125819535171	-9.51777141913496	-18.1203030655474	-18.1203030655474	-16.8385831518654	-16.8385831518654	-19.6374213226401	-18.0524548999374	-18.3498365105703	-18.3498365105703	-11.7661967374549	-11.7661967374549	-18.9066319401133	-10.3531524751029	-10.3531524751029	-19.4941597057719	-18.4301803811814	-18.4301803811814	-15.4408765080619	-21.3883954105567	-12.9231735638404	-12.9231735638404	-18.9066319401133	-14.8825303342703	-14.8825303342703	-17.3136706555621	-17.3136706555621	-9.92668801385301	-9.92668801385301	-19.0537065531581	-10.4317685144413	-10.4317685144413	-19.274696986684	-19.274696986684	-18.798215479355	-18.798215479355	-16.8121791890983	-16.8121791890983	-19.1290237706279	-11.2172955720142	-11.7542835894789	-15.7549266516673	-15.7549266516673	-16.9635607861526	-17.1341093591624	-17.1341093591624	-19.7642813006866	-20.7456766581692	-20.7456766581692	-18.455622478089	-14.0227052353756	-17.3154885213762	-14.7033039801183	-14.7033039801183	-17.1242651730096	-17.1242651730096	-15.716829816455	-15.716829816455	-23.1822969067775	-23.1822969067775	-13.5288907271129	-13.5288907271129	-17.2272166883772	-17.2272166883772	-14.0524534291971	-14.0524534291971	-17.4941011114921	-17.4941011114921	-17.5491503170758	-17.5491503170758	-16.549143399815	-17.0524529389506	-17.0524529389506	-17.177985425478	-17.177985425478	-23.9255564194833	-23.9255564194833	-18.8150973446023	-21.7642800159448	-11.6997905821835	-11.6997905821835	-17.4817880009497	-17.4817880009497	-14.5900097181013	-14.5900097181013	-16.4522862624518	-16.4522862624518	-14.8825303342703	-14.8825303342703	-16.8121791890983	-16.8121791890983	-18.0524548999374	-16.6746786837883	-16.6746786837883	-17.0926470478683	-17.0926470478683	-22.4214370714075	-14.5811491167171	-14.5811491167171	-17.8121808492395	-17.8121808492395	-9.65571178553125	-9.65571178553125	-19.1341072839857	-19.1341072839857	-16.549143399815	-14.5081315823047	-14.5081315823047	-18.033427950567	-18.033427950567	-19.9022499761597	-19.9022499761597	-19.5824694334939	-17.3267499903012	-17.3267499903012	-18.970541702963	-16.323031335781	-19.8733837061766	-14.4621579273847	-17.9975088204783	-19.1290237706279	-19.1290237706279	-17.5491503170758	-17.5491503170758
RDS_7_S99	-13.5508131508815	-13.5508131508815	-9.047924844572	-15.2320335936288	-15.2320335936288	-15.2546721504502	-15.2546721504502	-11.1566629369212	-11.1566629369212	-9.047924844572	-9.15398447221631	-9.15398447221631	-16.1269986741282	-17.1814852166705	-18.5491447832645	-18.5491447832645	-22.9274943859324	-22.9274943859324	-10.5588797768395	-10.5588797768395	-9.13645426973471	-9.13645426973471	-19.1139534973397	-19.1139534973397	-20.1139534973397	-18.5267498974344	-16.4869280033693	-15.763785154262	-15.763785154262	-16.5076811865052	-15.7197153086076	-15.7197153086076	-12.3967521282653	-17.4311795022212	-17.4311795022212	-21.7642800159448	-19.0911053354546	-19.0911053354546	-10.5168389435832	-18.5267498974344	-18.5267498974344	-22.3580660675428	-20.6989200908418	-20.6989200908418	-16.4310724204363	-16.4310724204363	-20.996448319118	-20.996448319118	-11.4748732871896	-19.4301803811814	-19.4301803811814	-11.4748732871896	-18.7964080477046	-10.2257824178714	-10.2257824178714	-17.7516976863597	-9.43316809377939	-9.43316809377939	-12.3334862847982	-11.3222605301228	-11.0712885571279	-11.0712885571279	-22.6158632349001	-16.921809359711	-16.921809359711	-19.1414137700314	-19.1414137700314	-21.9995376434768	-21.9995376434768	-16.5804844627529	-16.5804844627529	-18.6776095485895	-18.6776095485895	-9.19767196407668	-9.19767196407668	-17.9125819535171	-17.9125819535171	-11.6804317841472	-18.1203030655474	-18.1203030655474	-16.8385831518654	-16.8385831518654	-12.3334862847982	-19.0524548999374	-18.3498365105703	-18.3498365105703	-11.7661967374549	-11.7661967374549	-16.5565986671245	-16.0767001860639	-16.0767001860639	-12.3967521282653	-18.4301803811814	-18.4301803811814	-18.1569564882803	-21.3883954105567	-10.6096246950461	-10.6096246950461	-16.5565986671245	-15.2852964466476	-15.2852964466476	-11.1254314350338	-11.1254314350338	-11.5144797881412	-11.5144797881412	-9.20386929958727	-13.7733224406255	-13.7733224406255	-17.816791783885	-17.816791783885	-14.92565214249	-14.92565214249	-16.8121791890983	-16.8121791890983	-19.1290237706279	-19.9234904946995	-15.8444155164434	-23.5904526850796	-23.5904526850796	-16.9635607861526	-17.1341093591624	-17.1341093591624	-19.7642813006866	-20.7456766581692	-20.7456766581692	-18.455622478089	-11.1734653065158	-10.5168389435832	-10.6720912755639	-10.6720912755639	-17.1242651730096	-17.1242651730096	-25.6035667204125	-25.6035667204125	-23.1822969067775	-23.1822969067775	-10.6125852230782	-10.6125852230782	-17.2272166883772	-17.2272166883772	-10.3148120659183	-10.3148120659183	-17.4941011114921	-17.4941011114921	-17.5491503170758	-17.5491503170758	-16.549143399815	-20.1117123981556	-20.1117123981556	-20.5267526217185	-20.5267526217185	-17.8848435398007	-17.8848435398007	-18.8150973446023	-21.7642800159448	-11.6997905821835	-11.6997905821835	-21.6001041086764	-21.6001041086764	-10.9227254070758	-10.9227254070758	-16.4522862624518	-16.4522862624518	-10.5299210384119	-10.5299210384119	-16.8121791890983	-16.8121791890983	-19.1290237706279	-16.6746786837883	-16.6746786837883	-16.0926470478683	-16.0926470478683	-22.4214370714075	-11.4705353009812	-11.4705353009812	-17.8121808492395	-17.8121808492395	-15.507687907797	-15.507687907797	-19.1341072839857	-19.1341072839857	-16.549143399815	-10.9069469195224	-10.9069469195224	-18.033427950567	-18.033427950567	-11.5948388720855	-11.5948388720855	-19.5824694334939	-17.3267499903012	-17.3267499903012	-17.970541702963	-24.4030860651938	-18.8733837061766	-10.1205375302508	-17.9975088204783	-19.1290237706279	-19.1290237706279	-17.5491503170758	-17.5491503170758
CM_4_S74	-7.64139128814558	-7.64139128814558	-8.77896682530498	-9.5655086871167	-9.5655086871167	-15.2546721504502	-15.2546721504502	-11.1566629369212	-11.1566629369212	-8.77896682530498	-10.0109804948847	-10.0109804948847	-16.1269986741282	-24.9814065691058	-10.4572339336395	-10.4572339336395	-22.9274943859324	-22.9274943859324	-10.2654883992885	-10.2654883992885	-10.1168579407562	-10.1168579407562	-19.1139534973397	-19.1139534973397	-20.1139534973397	-18.5267498974344	-18.455622478089	-7.9464310784844	-7.9464310784844	-20.0069669639632	-10.6217080027213	-10.6217080027213	-20.996446810063	-18.4311795022212	-18.4311795022212	-21.7642800159448	-19.0911053354546	-19.0911053354546	-10.3157936587168	-18.5267498974344	-18.5267498974344	-22.3580660675428	-20.6989200908418	-20.6989200908418	-20.0637669705901	-18.4943701321221	-19.996448319118	-19.996448319118	-10.7795854821405	-19.4301803811814	-19.4301803811814	-10.7795854821405	-24.9814065691058	-11.1029655463352	-11.1029655463352	-24.9150551340174	-11.3050710251031	-11.3050710251031	-23.7869791696678	-10.7723758623515	-17.5231420151844	-17.5231420151844	-22.6158632349001	-10.1435501420202	-10.1435501420202	-21.9833744248001	-21.9833744248001	-22.9995376434768	-22.9995376434768	-9.62502834006221	-9.62502834006221	-19.6776095485895	-19.6776095485895	-19.1139534973397	-19.1139534973397	-17.9125819535171	-17.9125819535171	-12.0531620094159	-10.1043703800315	-10.1043703800315	-16.8385831518654	-16.8385831518654	-23.7869791696678	-19.0524548999374	-10.421736174978	-10.421736174978	-11.7661967374549	-11.7661967374549	-18.9066319401133	-16.0767001860639	-16.0767001860639	-20.996446810063	-18.4301803811814	-18.4301803811814	-21.0314247628754	-21.3883954105567	-11.208405956922	-11.208405956922	-18.9066319401133	-8.98668084834611	-8.98668084834611	-17.3136706555621	-17.3136706555621	-17.4465694615812	-17.4465694615812	-16.3815791090379	-13.7733224406255	-13.7733224406255	-19.274696986684	-19.274696986684	-24.133410193539	-24.133410193539	-10.8400273980584	-10.8400273980584	-19.1290237706279	-19.9234904946995	-15.8444155164434	-23.5904526850796	-23.5904526850796	-16.9635607861526	-10.7356796681748	-10.7356796681748	-19.7642813006866	-11.119770041037	-11.119770041037	-18.455622478089	-11.1217425732267	-10.3157936587168	-11.6694408290024	-11.6694408290024	-10.2589699729106	-10.2589699729106	-25.6035667204125	-25.6035667204125	-10.9665404549974	-10.9665404549974	-11.8175087328457	-11.8175087328457	-10.8794135524904	-10.8794135524904	-11.6125197188761	-11.6125197188761	-10.7897858356774	-10.7897858356774	-10.9939034439002	-10.9939034439002	-11.0168665275755	-20.1117123981556	-20.1117123981556	-20.5267526217185	-20.5267526217185	-10.629201532928	-10.629201532928	-18.8150973446023	-21.7642800159448	-11.6997905821835	-11.6997905821835	-21.6001041086764	-21.6001041086764	-11.9827399827367	-11.9827399827367	-12.2958141780464	-12.2958141780464	-11.9166163687163	-11.9166163687163	-11.08929051963	-11.08929051963	-19.1290237706279	-11.3498859139939	-11.3498859139939	-17.0926470478683	-17.0926470478683	-22.4214370714075	-12.2202113309829	-12.2202113309829	-11.0622801070047	-11.0622801070047	-23.3290622793713	-23.3290622793713	-19.1341072839857	-19.1341072839857	-11.025465659751	-11.5796885183995	-11.5796885183995	-11.7008419745093	-11.7008419745093	-11.5476828715139	-11.5476828715139	-19.5824694334939	-12.094703968549	-12.094703968549	-18.970541702963	-24.4030860651938	-19.8733837061766	-22.2188372193286	-17.9975088204783	-19.1290237706279	-19.1290237706279	-10.9176569331077	-10.9176569331077
SMA_3_S82	-6.86967089242687	-6.86967089242687	-16.2011242463375	-9.80793858139497	-9.80793858139497	-10.0559098210763	-10.0559098210763	-11.1566629369212	-11.1566629369212	-16.2011242463375	-14.2997745432203	-14.2997745432203	-16.1269986741282	-24.9814065691058	-8.20934164765065	-8.20934164765065	-20.0084741685566	-20.0084741685566	-10.170441232369	-10.170441232369	-13.3817500239452	-13.3817500239452	-19.1139534973397	-19.1139534973397	-20.1139534973397	-18.5267498974344	-18.455622478089	-12.05465877207	-12.05465877207	-20.0069669639632	-9.4048737237822	-9.4048737237822	-17.1153743897831	-18.4311795022212	-18.4311795022212	-21.7642800159448	-19.0911053354546	-19.0911053354546	-22.3304007417574	-18.5267498974344	-18.5267498974344	-17.1153743897831	-20.6989200908418	-20.6989200908418	-20.0637669705901	-18.4943701321221	-17.9689455164832	-17.9689455164832	-10.893346410916	-19.4301803811814	-19.4301803811814	-10.893346410916	-24.9814065691058	-14.7595811872997	-14.7595811872997	-24.9150551340174	-15.1615905944255	-15.1615905944255	-17.5334946143017	-12.6028308199408	-17.5231420151844	-17.5231420151844	-22.6158632349001	-9.53100929320328	-9.53100929320328	-21.9833744248001	-21.9833744248001	-22.9995376434768	-22.9995376434768	-9.10379716966901	-9.10379716966901	-19.6776095485895	-19.6776095485895	-19.1139534973397	-19.1139534973397	-17.9125819535171	-17.9125819535171	-13.0203803409631	-9.40850654666474	-9.40850654666474	-16.8385831518654	-16.8385831518654	-17.5334946143017	-19.0524548999374	-9.13765643444433	-9.13765643444433	-11.7661967374549	-11.7661967374549	-18.9066319401133	-12.7744439928889	-12.7744439928889	-21.996446810063	-18.4301803811814	-18.4301803811814	-18.5122939713894	-21.3883954105567	-15.3937631133029	-15.3937631133029	-18.9066319401133	-19.1290237706279	-19.1290237706279	-17.3136706555621	-17.3136706555621	-15.8997940449447	-15.8997940449447	-13.2376913702982	-12.4259395963436	-12.4259395963436	-19.274696986684	-19.274696986684	-20.9625798462874	-20.9625798462874	-9.37265046075981	-9.37265046075981	-19.1290237706279	-13.0102988740861	-13.0205481645009	-22.4865199436747	-22.4865199436747	-16.9635607861526	-9.39582662824906	-9.39582662824906	-19.7642813006866	-10.1168210960981	-10.1168210960981	-18.455622478089	-15.3135942753947	-22.3304007417574	-14.4219455606294	-14.4219455606294	-10.221440602826	-10.221440602826	-20.9770714651111	-20.9770714651111	-9.50573375147396	-9.50573375147396	-15.031194414133	-15.031194414133	-9.44149990747148	-9.44149990747148	-16.2011242463375	-16.2011242463375	-9.38891391033945	-9.38891391033945	-9.81595263789607	-9.81595263789607	-10.1723944222568	-20.1117123981556	-20.1117123981556	-20.5267526217185	-20.5267526217185	-10.290880768394	-10.290880768394	-18.8150973446023	-21.7642800159448	-11.6997905821835	-11.6997905821835	-21.6001041086764	-21.6001041086764	-14.3902736696522	-14.3902736696522	-9.50419286402971	-9.50419286402971	-16.1800620007093	-16.1800620007093	-9.7790175249014	-9.7790175249014	-19.1290237706279	-9.62383268446577	-9.62383268446577	-17.0926470478683	-17.0926470478683	-22.4214370714075	-16.9380844058974	-16.9380844058974	-9.67068430980988	-9.67068430980988	-15.6161544994792	-15.6161544994792	-19.1341072839857	-19.1341072839857	-10.1723944222568	-15.1832254188716	-15.1832254188716	-11.0407875078291	-11.0407875078291	-20.9022499761597	-20.9022499761597	-19.5824694334939	-9.99771565718327	-9.99771565718327	-18.970541702963	-20.638202794046	-19.8733837061766	-13.953192156382	-17.9975088204783	-19.1290237706279	-19.1290237706279	-9.97025200839438	-9.97025200839438
CM_3_S73	-13.5508131508815	-13.5508131508815	-17.2846686207022	-15.2320335936288	-15.2320335936288	-12.8124925745967	-12.8124925745967	-11.1566629369212	-11.1566629369212	-23.370165197897	-8.83437259662059	-8.83437259662059	-16.1269986741282	-24.9814065691058	-18.5491447832645	-18.5491447832645	-22.9274943859324	-22.9274943859324	-9.31891197767116	-9.31891197767116	-9.58350438459514	-9.58350438459514	-19.1139534973397	-19.1139534973397	-20.1139534973397	-18.5267498974344	-18.455622478089	-14.8696325610786	-14.8696325610786	-20.0069669639632	-15.7197153086076	-15.7197153086076	-22.3580660675428	-18.4311795022212	-18.4311795022212	-21.7642800159448	-19.0911053354546	-19.0911053354546	-23.3304007417574	-18.5267498974344	-18.5267498974344	-22.3580660675428	-20.6989200908418	-20.6989200908418	-20.0637669705901	-18.4943701321221	-20.996448319118	-20.996448319118	-10.0989791479391	-19.4301803811814	-19.4301803811814	-10.0989791479391	-24.9814065691058	-9.94451777917102	-9.94451777917102	-24.9150551340174	-13.7821689576577	-13.7821689576577	-23.7869791696678	-13.6537994987439	-17.5231420151844	-17.5231420151844	-17.2846686207022	-16.921809359711	-16.921809359711	-9.86753992000611	-9.86753992000611	-22.9995376434768	-22.9995376434768	-16.5804844627529	-16.5804844627529	-9.39212861520711	-9.39212861520711	-19.1139534973397	-19.1139534973397	-17.9125819535171	-17.9125819535171	-13.6537994987439	-18.1203030655474	-18.1203030655474	-9.08498906781785	-9.08498906781785	-23.7869791696678	-9.34021453140894	-18.3498365105703	-18.3498365105703	-11.7661967374549	-11.7661967374549	-10.115692183454	-9.79277201547069	-9.79277201547069	-21.996446810063	-18.4301803811814	-18.4301803811814	-21.0314247628754	-21.3883954105567	-10.2281875052393	-10.2281875052393	-11.532871899324	-19.1290237706279	-19.1290237706279	-17.3136706555621	-17.3136706555621	-21.4560374540498	-21.4560374540498	-13.9017557172855	-10.1595823304325	-10.1595823304325	-10.0859577761302	-10.0859577761302	-24.133410193539	-24.133410193539	-16.8121791890983	-16.8121791890983	-9.3795431611104	-9.85706580890201	-9.85898037865599	-23.5904526850796	-23.5904526850796	-9.37962003873118	-17.1341093591624	-17.1341093591624	-9.81310760990194	-20.7456766581692	-20.7456766581692	-18.455622478089	-10.3802948156063	-23.3304007417574	-11.0169263165104	-11.0169263165104	-17.1242651730096	-17.1242651730096	-25.6035667204125	-25.6035667204125	-23.1822969067775	-23.1822969067775	-10.2737678131754	-10.2737678131754	-17.2272166883772	-17.2272166883772	-13.6601783783479	-13.6601783783479	-17.4941011114921	-17.4941011114921	-17.5491503170758	-17.5491503170758	-14.2558627071131	-20.1117123981556	-20.1117123981556	-20.5267526217185	-20.5267526217185	-23.9255564194833	-23.9255564194833	-18.8150973446023	-21.7642800159448	-11.6997905821835	-11.6997905821835	-21.6001041086764	-21.6001041086764	-10.6726916534295	-10.6726916534295	-16.4522862624518	-16.4522862624518	-10.6769839739791	-10.6769839739791	-16.8121791890983	-16.8121791890983	-9.58197771132703	-16.6746786837883	-16.6746786837883	-9.74814408732116	-9.74814408732116	-22.4214370714075	-10.6125152014545	-10.6125152014545	-17.8121808492395	-17.8121808492395	-22.3290622793713	-22.3290622793713	-19.1341072839857	-19.1341072839857	-16.549143399815	-10.8093100015122	-10.8093100015122	-18.033427950567	-18.033427950567	-20.9022499761597	-20.9022499761597	-19.5824694334939	-17.3267499903012	-17.3267499903012	-18.970541702963	-24.4030860651938	-10.2577701382764	-23.2188372193286	-10.2778206264142	-9.82584335488785	-9.82584335488785	-17.5491503170758	-17.5491503170758
SMA_5_S84	-7.95564538829324	-7.95564538829324	-13.356303139091	-8.13006632442205	-8.13006632442205	-8.85746725634298	-8.85746725634298	-11.1566629369212	-11.1566629369212	-14.4581940079701	-11.8243933494998	-11.8243933494998	-14.6995141788178	-23.2788293294916	-9.40804581746942	-9.40804581746942	-15.4779653923033	-15.4779653923033	-9.18473517746724	-9.18473517746724	-12.4825602787913	-12.4825602787913	-19.1139534973397	-19.1139534973397	-20.1139534973397	-18.5267498974344	-18.455622478089	-11.1409105495298	-11.1409105495298	-20.0069669639632	-10.1040257913743	-10.1040257913743	-15.6767478003353	-18.4311795022212	-18.4311795022212	-21.7642800159448	-19.0911053354546	-19.0911053354546	-15.4225948889417	-18.5267498974344	-18.5267498974344	-22.3580660675428	-20.6989200908418	-20.6989200908418	-20.0637669705901	-18.4943701321221	-12.7846995489956	-12.7846995489956	-9.86128658880742	-19.4301803811814	-19.4301803811814	-9.86128658880742	-23.2788293294916	-12.9083686722348	-12.9083686722348	-24.9150551340174	-14.2634153977997	-14.2634153977997	-22.7869791696678	-10.3150932405413	-10.5529789177997	-10.5529789177997	-16.1932979265914	-10.1313384164838	-10.1313384164838	-20.9833744248001	-20.9833744248001	-22.9995376434768	-22.9995376434768	-10.8881092256625	-10.8881092256625	-19.6776095485895	-19.6776095485895	-10.585571284875	-10.585571284875	-17.9125819535171	-17.9125819535171	-10.3150932405413	-10.1337092943327	-10.1337092943327	-16.8385831518654	-16.8385831518654	-22.7869791696678	-19.0524548999374	-10.5500710410373	-10.5500710410373	-10.1821449214542	-10.1821449214542	-18.9066319401133	-10.3226835723662	-10.3226835723662	-21.996446810063	-18.4301803811814	-18.4301803811814	-16.6115547575114	-16.6181543645583	-13.1238658966268	-13.1238658966268	-18.9066319401133	-19.1290237706279	-19.1290237706279	-10.8622396469329	-10.8622396469329	-10.6815331296531	-10.6815331296531	-14.0440774167741	-10.697517586432	-10.697517586432	-19.274696986684	-19.274696986684	-18.5933324374594	-18.5933324374594	-10.8586347648804	-10.8586347648804	-19.1290237706279	-11.2398948315281	-11.8366621990195	-16.3402960746628	-16.3402960746628	-16.9635607861526	-10.8516198509743	-10.8516198509743	-17.7869772119966	-10.9445120928442	-10.9445120928442	-18.455622478089	-13.7849052019305	-16.1134542651637	-13.2620315066775	-13.2620315066775	-10.3564680592466	-10.3564680592466	-16.6139736176653	-16.6139736176653	-12.0393111324697	-12.0393111324697	-13.5716275407222	-13.5716275407222	-10.7781989443057	-10.7781989443057	-13.3237825838793	-13.3237825838793	-10.9319715658211	-10.9319715658211	-11.1758063645536	-11.1758063645536	-11.241926949161	-20.1117123981556	-20.1117123981556	-20.5267526217185	-20.5267526217185	-10.9932857183577	-10.9932857183577	-18.8150973446023	-21.7642800159448	-11.6997905821835	-11.6997905821835	-21.6001041086764	-21.6001041086764	-13.4094563090165	-13.4094563090165	-10.6143730545326	-10.6143730545326	-13.9917825149885	-13.9917825149885	-10.8500931203345	-10.8500931203345	-19.1290237706279	-10.7230439938373	-10.7230439938373	-17.0926470478683	-17.0926470478683	-16.816568629972	-13.7883057762856	-13.7883057762856	-11.2282428815594	-11.2282428815594	-10.7186782782024	-10.7186782782024	-19.1341072839857	-19.1341072839857	-11.241926949161	-13.0940415494991	-13.0940415494991	-12.2690995682789	-12.2690995682789	-16.5174736380848	-16.5174736380848	-19.5824694334939	-11.6407755762433	-11.6407755762433	-18.970541702963	-16.939180799271	-19.8733837061766	-12.9723200482251	-17.9975088204783	-19.1290237706279	-19.1290237706279	-11.0925065377041	-11.0925065377041
pfpos_4_S105	-6.62294512419303	-6.62294512419303	-23.370165197897	-7.32921766307484	-7.32921766307484	-11.9911257594776	-11.9911257594776	-11.1566629369212	-11.1566629369212	-23.370165197897	-15.7608342826927	-15.7608342826927	-16.1269986741282	-24.9814065691058	-10.1970147414814	-10.1970147414814	-22.9274943859324	-22.9274943859324	-8.27336601416832	-8.27336601416832	-15.400979638972	-15.400979638972	-17.5267498974344	-17.5267498974344	-17.5267498974344	-17.5267498974344	-18.455622478089	-13.6616228028947	-13.6616228028947	-20.0069669639632	-8.78241211049906	-8.78241211049906	-17.0221679455153	-18.4311795022212	-18.4311795022212	-21.7642800159448	-19.0911053354546	-19.0911053354546	-23.3304007417574	-17.5267498974344	-17.5267498974344	-22.3580660675428	-17.7612172343471	-17.7612172343471	-20.0637669705901	-18.4943701321221	-16.4086340083807	-16.4086340083807	-9.55615982055811	-16.9417883048074	-16.9417883048074	-9.55615982055811	-24.9814065691058	-17.0126481023071	-17.0126481023071	-24.9150551340174	-19.1290237706279	-19.1290237706279	-23.7869791696678	-10.1956267501157	-17.5231420151844	-17.5231420151844	-22.6158632349001	-11.0341587096507	-11.0341587096507	-21.9833744248001	-21.9833744248001	-22.9995376434768	-22.9995376434768	-12.2713800926357	-12.2713800926357	-19.6776095485895	-19.6776095485895	-19.1139534973397	-19.1139534973397	-17.9125819535171	-17.9125819535171	-10.2975852646652	-11.2189280836308	-11.2189280836308	-16.8385831518654	-16.8385831518654	-23.7869791696678	-19.0524548999374	-11.5394443775711	-11.5394443775711	-11.7661967374549	-11.7661967374549	-18.9066319401133	-14.9526087700064	-14.9526087700064	-17.0221679455153	-18.4301803811814	-18.4301803811814	-21.0314247628754	-21.3883954105567	-15.2048245268312	-15.2048245268312	-18.9066319401133	-17.5267498974344	-17.5267498974344	-17.3136706555621	-17.3136706555621	-15.693882490204	-15.693882490204	-18.0537065531581	-11.9761569513497	-11.9761569513497	-19.274696986684	-19.274696986684	-24.133410193539	-24.133410193539	-11.1417252264583	-11.1417252264583	-19.1290237706279	-13.9725264355649	-13.9759419078246	-23.5904526850796	-23.5904526850796	-16.9635607861526	-11.9621762916042	-11.9621762916042	-19.7642813006866	-10.9147881331621	-10.9147881331621	-18.455622478089	-16.5267471731555	-23.3304007417574	-22.7746801351621	-22.7746801351621	-11.1638674297547	-11.1638674297547	-24.6035667204125	-24.6035667204125	-12.7833767409632	-12.7833767409632	-17.5267498974344	-17.5267498974344	-11.6046942074702	-11.6046942074702	-17.5267498974344	-17.5267498974344	-11.6107725323966	-11.6107725323966	-10.8071447886312	-10.8071447886312	-10.1197652254481	-19.1117123981556	-19.1117123981556	-19.5267526217185	-19.5267526217185	-11.2633536899536	-11.2633536899536	-18.8150973446023	-21.7642800159448	-11.6997905821835	-11.6997905821835	-19.3081136973872	-19.3081136973872	-16.5267471731555	-16.5267471731555	-12.9830378026314	-12.9830378026314	-16.9417883048074	-16.9417883048074	-11.2057354071417	-11.2057354071417	-19.1290237706279	-11.4225299429577	-11.4225299429577	-17.0926470478683	-17.0926470478683	-22.4214370714075	-19.6644583017019	-19.6644583017019	-11.7064720204715	-11.7064720204715	-16.2048245268312	-16.2048245268312	-19.1341072839857	-19.1341072839857	-10.6553952994003	-18.5267526217185	-18.5267526217185	-9.88398110568428	-9.88398110568428	-20.9022499761597	-20.9022499761597	-19.5824694334939	-11.7780520037773	-11.7780520037773	-18.970541702963	-24.4030860651938	-19.8733837061766	-18.4487460949846	-17.9975088204783	-19.1290237706279	-19.1290237706279	-11.6898094061889	-11.6898094061889
CM_1_S71	-13.5508131508815	-13.5508131508815	-23.370165197897	-15.2320335936288	-15.2320335936288	-8.25627307023011	-8.25627307023011	-7.54068489287263	-7.54068489287263	-23.370165197897	-10.3283539518483	-10.3283539518483	-16.1269986741282	-7.6056251185854	-18.5491447832645	-18.5491447832645	-22.9274943859324	-22.9274943859324	-9.62692063860378	-9.62692063860378	-10.2719650577012	-10.2719650577012	-18.1139534973397	-18.1139534973397	-19.1139534973397	-15.1753298414497	-7.96432069184335	-9.76740328801282	-9.76740328801282	-8.09447681918082	-15.7197153086076	-15.7197153086076	-9.5107451388958	-8.1819924024306	-8.1819924024306	-21.7642800159448	-8.18365254243279	-8.18365254243279	-23.3304007417574	-18.5267498974344	-18.5267498974344	-9.61167069216971	-19.6989200908418	-19.6989200908418	-8.93235775898838	-8.93235775898838	-20.996448319118	-20.996448319118	-9.18235277553258	-19.4301803811814	-19.4301803811814	-9.18235277553258	-8.59889979124472	-11.2077745379563	-11.2077745379563	-8.61238194388185	-10.8331495379484	-10.8331495379484	-18.2705669572726	-16.507425800617	-16.5231420151844	-16.5231420151844	-22.6158632349001	-16.921809359711	-16.921809359711	-19.5566348236054	-19.5566348236054	-8.81823661405941	-8.81823661405941	-16.5804844627529	-16.5804844627529	-9.46045225350926	-9.46045225350926	-18.1139534973397	-18.1139534973397	-17.9125819535171	-17.9125819535171	-16.766193621839	-18.1203030655474	-18.1203030655474	-9.83484023959862	-9.83484023959862	-18.2705669572726	-9.76643545384108	-18.3498365105703	-18.3498365105703	-11.7661967374549	-11.7661967374549	-8.95332287871854	-9.40458036389217	-9.40458036389217	-13.3982980257213	-18.4301803811814	-18.4301803811814	-21.0314247628754	-21.3883954105567	-11.8703540090552	-11.8703540090552	-8.95332287871854	-10.7375751172918	-10.7375751172918	-16.1547381513379	-16.1547381513379	-21.4560374540498	-21.4560374540498	-13.079394900955	-9.2143634122184	-9.2143634122184	-9.49314055459794	-9.49314055459794	-19.9505182044659	-19.9505182044659	-16.8121791890983	-16.8121791890983	-9.73324631565357	-9.37076765173702	-9.37327223167875	-23.5904526850796	-23.5904526850796	-9.73329543369255	-17.1341093591624	-17.1341093591624	-9.61198676075261	-20.7456766581692	-20.7456766581692	-9.30572276804171	-17.5267471731555	-23.3304007417574	-12.0816943755286	-12.0816943755286	-17.1242651730096	-17.1242651730096	-25.6035667204125	-25.6035667204125	-23.1822969067775	-23.1822969067775	-11.7631070423796	-11.7631070423796	-17.2272166883772	-17.2272166883772	-11.5466984975027	-11.5466984975027	-17.4941011114921	-17.4941011114921	-17.5491503170758	-17.5491503170758	-16.549143399815	-20.1117123981556	-20.1117123981556	-20.5267526217185	-20.5267526217185	-23.9255564194833	-23.9255564194833	-18.8150973446023	-21.7642800159448	-10.0740835858738	-10.0740835858738	-21.6001041086764	-21.6001041086764	-11.7742620603082	-11.7742620603082	-16.4522862624518	-16.4522862624518	-13.0538611232895	-13.0538611232895	-16.8121791890983	-16.8121791890983	-10.3227981291631	-16.6746786837883	-16.6746786837883	-9.92855670817438	-9.92855670817438	-22.4214370714075	-11.8379027638985	-11.8379027638985	-17.8121808492395	-17.8121808492395	-18.5289937251379	-18.5289937251379	-19.1341072839857	-19.1341072839857	-16.549143399815	-12.3357814819383	-12.3357814819383	-18.033427950567	-18.033427950567	-20.9022499761597	-20.9022499761597	-19.5824694334939	-17.3267499903012	-17.3267499903012	-18.970541702963	-24.4030860651938	-9.81665501475215	-23.2188372193286	-10.8774906903021	-10.2738678338779	-10.2738678338779	-17.5491503170758	-17.5491503170758
