feature	metadata	value	coef	stderr	N	N.not.0	pval	qval
UniRef90_A0A192CAU6	group	6	-5.08222791108416	1.24051906867215	24	22	0.000560933444940123	0.0566863991612994
UniRef90_A0A192CAU6.g__Escherichia.s__Escherichia_coli	group	6	-5.08222791108416	1.24051906867215	24	22	0.000560933444940123	0.0566863991612994
UniRef90_F4NKV9	group	6	-7.86609042859132	1.79905713087075	24	22	0.000294637235193369	0.0566863991612994
UniRef90_F4NKV9.g__Escherichia.s__Escherichia_coli	group	6	-7.86609042859132	1.79905713087075	24	22	0.000294637235193369	0.0566863991612994
UniRef90_A0A2H4TVT9	group	6	-5.72880083790177	1.39987742881224	24	21	0.000566863991612994	0.0566863991612994
UniRef90_A0A2H4TVT9.g__Escherichia.s__Escherichia_coli	group	6	-5.72880083790177	1.39987742881224	24	21	0.000566863991612994	0.0566863991612994
UniRef90_A0A1D7PS63	group	6	-5.03515631633631	1.30677470671957	24	22	0.000991626506157759	0.0743719879618319
UniRef90_A0A1D7PS63.g__Escherichia.s__Escherichia_coli	group	6	-5.03515631633631	1.30677470671957	24	22	0.000991626506157759	0.0743719879618319
UniRef90_E1IVY0	group	6	-4.58117924356132	1.258353284317	24	22	0.00162725632307505	0.0808904158822783
UniRef90_E1IVY0.g__Escherichia.s__Escherichia_coli	group	6	-4.58117924356132	1.258353284317	24	22	0.00162725632307505	0.0808904158822783
UniRef90_A0A2H4TTX9	group	6	-3.80069161006736	1.03032486242344	24	22	0.00145456864946843	0.0808904158822783
UniRef90_A0A2H4TTX9.g__Escherichia.s__Escherichia_coli	group	6	-3.80069161006736	1.03032486242344	24	22	0.00145456864946843	0.0808904158822783
UniRef90_A0A0E1LDK4	group	6	-5.14913873205247	1.46315921643611	24	22	0.00215707775686075	0.0808904158822783
UniRef90_A0A0E1LDK4.g__Escherichia.s__Escherichia_coli	group	6	-5.14913873205247	1.46315921643611	24	22	0.00215707775686075	0.0808904158822783
UniRef90_V0SIR0	group	6	-5.67215967246922	1.60318587034479	24	21	0.0020648118484346	0.0808904158822783
UniRef90_V0SIR0.g__Escherichia.s__Escherichia_coli	group	6	-5.67215967246922	1.60318587034479	24	21	0.0020648118484346	0.0808904158822783
UniRef90_A0A0H2VC20	group	6	-5.29285741139202	1.54952447383334	24	19	0.002739695430189	0.0849608422241182
UniRef90_A0A0H2VC20.g__Escherichia.s__Escherichia_coli	group	6	-5.29285741139202	1.54952447383334	24	19	0.002739695430189	0.0849608422241182
UniRef90_U9YPG6	group	6	-4.97185249705755	1.4667460582073	24	22	0.00290953138168496	0.0849608422241182
UniRef90_U9YPG6.g__Escherichia.s__Escherichia_coli	group	6	-4.97185249705755	1.4667460582073	24	22	0.00290953138168496	0.0849608422241182
UniRef90_I2WAU1	group	6	-5.46829920811075	1.62744108391912	24	20	0.003115230881551	0.0849608422241182
UniRef90_I2WAU1.g__Escherichia.s__Escherichia_coli	group	6	-5.46829920811075	1.62744108391912	24	20	0.003115230881551	0.0849608422241182
UniRef90_U9YLK3	group	6	-4.31796726523535	1.44816564324226	24	22	0.00737356322377095	0.184339080594274
UniRef90_U9YLK3.g__Escherichia.s__Escherichia_coli	group	6	-4.31796726523535	1.44816564324226	24	22	0.00737356322377095	0.184339080594274
UniRef90_I3U631	group	6	-4.75201805240282	1.79497270002941	24	10	0.0154533716662274	0.370880919989459
UniRef90_I3U631.g__Enterococcus.s__Enterococcus_faecium	group	6	-4.54956380727854	1.74791044121148	24	10	0.0170213593068409	0.392800599388636
UniRef90_V5XSX7	group	6	-5.69574718845044	2.20511298181095	24	11	0.017768780370788	0.394861786017511
UniRef90_A7V4G2	group	2	4.85972092689228	2.0366141911088	24	12	0.0270231484228002	0.49132997132364
UniRef90_A7V4G2.g__Bacteroides.s__Bacteroides_uniformis	group	2	4.85972092689228	2.0366141911088	24	12	0.0270231484228002	0.49132997132364
UniRef90_P59628	group	6	-5.48310277545386	2.27530309077111	24	11	0.0257106620043951	0.49132997132364
UniRef90_A0A174HS30	group	4	4.82040087666393	1.98715785235596	24	17	0.0248598972157907	0.49132997132364
UniRef90_A0A174HS30.g__Prevotella.s__Prevotella_copri	group	4	4.82040087666393	1.98715785235596	24	17	0.0248598972157907	0.49132997132364
UniRef90_A0A0J2B3T8	group	6	-3.38681701262918	1.38116875854927	24	21	0.0235104125293398	0.49132997132364
UniRef90_A0A133MZE1	group	6	-4.87829252098366	2.07153595033889	24	10	0.0288529229871733	0.509169229185411
UniRef90_A0T3C6	group	6	-5.83771606948871	3.12450513979752	24	16	0.0764317873212879	0.509533779818328
UniRef90_A0A192CAU6	group	4	-2.17263142958301	1.24051906867215	24	22	0.0952013728374091	0.509533779818328
UniRef90_A0A192CAU6.g__Escherichia.s__Escherichia_coli	group	4	-2.17263142958301	1.24051906867215	24	22	0.0952013728374091	0.509533779818328
UniRef90_A0A1S8IMK6	group	4	-5.9672953793016	3.54390307082022	24	10	0.107760856650512	0.509533779818328
UniRef90_A0A1S8IMK6	group	6	-6.43522465763242	3.54390307082022	24	10	0.0844149586576106	0.509533779818328
UniRef90_A5ZYV3	group	6	2.43574671334461	1.42142994708352	24	21	0.102062954583953	0.509533779818328
UniRef90_A5ZYV3.g__Blautia.s__Blautia_obeum	group	6	2.43574671334461	1.42142994708352	24	21	0.102062954583953	0.509533779818328
UniRef90_E1IVY0	group	4	-2.59032966402414	1.258353284317	24	22	0.0528069294401693	0.509533779818328
UniRef90_E1IVY0.g__Escherichia.s__Escherichia_coli	group	4	-2.59032966402414	1.258353284317	24	22	0.0528069294401693	0.509533779818328
UniRef90_UPI0004A57A81	group	4	-3.55025274048171	1.95852599461323	24	6	0.0849148058582753	0.509533779818328
UniRef90_UPI0004A57A81	group	6	-3.55025274048171	1.95852599461323	24	6	0.0849148058582757	0.509533779818328
UniRef90_UPI0004A57A81.g__Enterococcus.s__Enterococcus_faecium	group	4	-3.55025274048171	1.95852599461323	24	6	0.0849148058582753	0.509533779818328
UniRef90_UPI0004A57A81.g__Enterococcus.s__Enterococcus_faecium	group	6	-3.55025274048171	1.95852599461323	24	6	0.0849148058582757	0.509533779818328
UniRef90_A0A1B2H845	group	6	-4.6245548708584	2.72405781010021	24	16	0.105076770140718	0.509533779818328
UniRef90_Q9LBQ4.g__Enterococcus.s__Enterococcus_faecium	group	4	-4.41015095272675	2.41059043972761	24	7	0.0822753931914673	0.509533779818328
UniRef90_Q9LBQ4.g__Enterococcus.s__Enterococcus_faecium	group	6	-4.61015095272675	2.41059043972761	24	7	0.0702475617679568	0.509533779818328
UniRef90_Q9LBQ4	group	4	-3.73755230766906	2.05535321763638	24	7	0.0840048082892714	0.509533779818328
UniRef90_Q9LBQ4	group	6	-3.93755230766906	2.05535321763638	24	7	0.0698033260014514	0.509533779818328
UniRef90_C0FSN2	group	6	4.75443721706604	2.27553235429053	24	14	0.0496609232693644	0.509533779818328
UniRef90_C0FSN2.g__Roseburia.s__Roseburia_inulinivorans	group	6	4.75443721706604	2.27553235429053	24	14	0.0496609232693644	0.509533779818328
UniRef90_A0A1S8IMK6.g__Escherichia.s__Escherichia_coli	group	4	-5.7420167226212	3.3033521806573	24	10	0.0975419134093451	0.509533779818328
UniRef90_A0A1S8IMK6.g__Escherichia.s__Escherichia_coli	group	6	-6.00831059920425	3.3033521806573	24	10	0.0839408417761187	0.509533779818328
UniRef90_A0A1S8IMK6.g__Enterococcus.s__Enterococcus_faecium	group	4	-5.91792887420255	3.31637327234523	24	7	0.0895282711821014	0.509533779818328
UniRef90_A0A1S8IMK6.g__Enterococcus.s__Enterococcus_faecium	group	6	-6.11792887420255	3.31637327234524	24	7	0.079934308302821	0.509533779818328
UniRef90_A0A2R3NGS3	group	2	4.70947151894862	2.50695469665372	24	13	0.0749604687292802	0.509533779818328
UniRef90_R6Q8L0	group	6	2.50386230824986	1.40395887163785	24	23	0.0897001306937512	0.509533779818328
UniRef90_A0A0T7A674	group	2	3.11256041932054	1.78484373434947	24	12	0.0965312097256588	0.509533779818328
UniRef90_A0A0T7A674.g__Bacteroides.s__Bacteroides_uniformis	group	2	3.11256041932054	1.78484373434947	24	12	0.0965312097256588	0.509533779818328
UniRef90_A0A174UKK8	group	4	3.21793333182961	1.57468281156981	24	18	0.0543956678694009	0.509533779818328
UniRef90_A0A174UKK8.g__Prevotella.s__Prevotella_copri	group	4	3.21793333182961	1.57468281156981	24	18	0.0543956678694009	0.509533779818328
UniRef90_UPI000C03D4E6	group	4	-5.43460177468343	2.7525542583887	24	6	0.0623088543140254	0.509533779818328
UniRef90_UPI000C03D4E6	group	6	-5.43460177468343	2.7525542583887	24	6	0.0623088543140252	0.509533779818328
UniRef90_UPI000C03D4E6.g__Enterococcus.s__Enterococcus_faecium	group	4	-5.43460177468343	2.7525542583887	24	6	0.0623088543140254	0.509533779818328
UniRef90_UPI000C03D4E6.g__Enterococcus.s__Enterococcus_faecium	group	6	-5.43460177468343	2.7525542583887	24	6	0.0623088543140252	0.509533779818328
UniRef90_D1PG33	group	4	2.92949772645705	1.56314768442295	24	15	0.0756010097648626	0.509533779818328
UniRef90_D1PG33.g__Prevotella.s__Prevotella_copri	group	4	2.92949772645705	1.56314768442295	24	15	0.0756010097648626	0.509533779818328
UniRef90_A0A0M2B020	group	6	-5.10018503412084	2.38065805389097	24	10	0.0446541770465896	0.509533779818328
UniRef90_A0A0M2B020.g__Enterococcus.s__Enterococcus_faecium	group	6	-5.10018503412084	2.38065805389097	24	10	0.0446541770465896	0.509533779818328
UniRef90_R6Q8L0.g__Faecalibacterium.s__Faecalibacterium_prausnitzii	group	6	2.50851828147958	1.37528129849275	24	23	0.0831307055033688	0.509533779818328
UniRef90_J6QDP1	group	6	-3.53214813032413	1.60424050894353	24	9	0.0395865679481432	0.509533779818328
UniRef90_J6QDP1.g__Enterococcus.s__Enterococcus_faecium	group	6	-3.53214813032413	1.60424050894353	24	9	0.0395865679481432	0.509533779818328
UniRef90_A0A2R3NGS3.g__Escherichia.s__Escherichia_coli	group	2	4.64814496173042	2.4886688586809	24	13	0.0765252059698492	0.509533779818328
UniRef90_S4EDF6	group	6	-4.42724062903384	2.21831973411186	24	10	0.0597595854708273	0.509533779818328
UniRef90_A0A174Y4P3	group	4	3.44980059630587	1.9592142139086	24	18	0.0935547018084888	0.509533779818328
UniRef90_A0A174Y4P3.g__Prevotella.s__Prevotella_copri	group	4	3.44980059630587	1.9592142139086	24	18	0.0935547018084888	0.509533779818328
UniRef90_I3U631	group	2	-3.36474866358397	1.6385783965201	24	10	0.0533385362984822	0.509533779818328
UniRef90_A0A2H4TTX9	group	4	-2.13824242871809	1.03032486242344	24	22	0.0510728838380827	0.509533779818328
UniRef90_A0A2H4TTX9.g__Escherichia.s__Escherichia_coli	group	4	-2.13824242871809	1.03032486242344	24	22	0.0510728838380827	0.509533779818328
UniRef90_I3U631.g__Enterococcus.s__Enterococcus_faecium	group	2	-3.16229441845969	1.59561662858389	24	10	0.0614062525794298	0.509533779818328
UniRef90_A7V7B8	group	2	3.03911893114184	1.70009809444045	24	12	0.0890024931400343	0.509533779818328
UniRef90_A7V7B8.g__Bacteroides.s__Bacteroides_uniformis	group	2	3.03911893114184	1.70009809444045	24	12	0.0890024931400343	0.509533779818328
UniRef90_F7LS08	group	2	5.19694149928874	2.35685074281448	24	17	0.0393227847698112	0.509533779818328
UniRef90_F7LS08.g__Bacteroides.s__Bacteroides_fragilis	group	2	5.19694149928874	2.35685074281448	24	17	0.0393227847698112	0.509533779818328
UniRef90_A0A1X4JA18	group	6	-4.70192868594273	2.25914901162368	24	9	0.0504687725559724	0.509533779818328
UniRef90_A0A1X4JA18.g__Enterococcus.s__Enterococcus_faecium	group	6	-4.70192868594273	2.25914901162368	24	9	0.0504687725559724	0.509533779818328
UniRef90_A0A174XX49	group	4	2.80658982440666	1.54399008265188	24	18	0.084114945068714	0.509533779818328
UniRef90_A0A174XX49.g__Prevotella.s__Prevotella_copri	group	4	2.80658982440666	1.54399008265188	24	18	0.084114945068714	0.509533779818328
UniRef90_A0A133MZE1.g__Clostridioides.s__Clostridioides_difficile	group	4	-2.62707539616782	1.40523626251683	24	5	0.0762682127798291	0.509533779818328
UniRef90_A0A133MZE1.g__Clostridioides.s__Clostridioides_difficile	group	6	-2.82707539616783	1.40523626251683	24	5	0.0579070453040736	0.509533779818328
UniRef90_A0A174HS30	group	2	-3.08836832321079	1.81401863509814	24	17	0.10415441953586	0.509533779818328
UniRef90_A0A174HS30.g__Prevotella.s__Prevotella_copri	group	2	-3.08836832321079	1.81401863509814	24	17	0.10415441953586	0.509533779818328
UniRef90_A0A1B2H845.g__Escherichia.s__Escherichia_coli	group	6	-4.40215472205396	2.60545461181249	24	16	0.106635405352932	0.509533779818328
UniRef90_A0A174VLZ6	group	4	2.82191002496685	1.54980540078367	24	18	0.0836312883892908	0.509533779818328
UniRef90_A0A174VLZ6.g__Prevotella.s__Prevotella_copri	group	4	2.82191002496685	1.54980540078367	24	18	0.0836312883892908	0.509533779818328
UniRef90_U9YPG6	group	4	-2.47744924290391	1.4667460582073	24	22	0.106735086084022	0.509533779818328
UniRef90_U9YPG6.g__Escherichia.s__Escherichia_coli	group	4	-2.47744924290391	1.4667460582073	24	22	0.106735086084022	0.509533779818328
UniRef90_D1PCG7	group	4	2.8218983205049	1.48213627211524	24	17	0.0714066053151479	0.509533779818328
UniRef90_D1PCG7.g__Prevotella.s__Prevotella_copri	group	4	2.8218983205049	1.48213627211524	24	17	0.0714066053151479	0.509533779818328
UniRef90_A0A174NRF1	group	4	3.24173285168275	1.65835290656586	24	18	0.0647299396300754	0.509533779818328
UniRef90_A0A174NRF1.g__Prevotella.s__Prevotella_copri	group	4	3.24173285168275	1.65835290656586	24	18	0.0647299396300754	0.509533779818328
UniRef90_A0A174VUA9	group	4	2.42274173333811	1.36954202096523	24	18	0.0921399373544183	0.509533779818328
UniRef90_A0A174VUA9.g__Prevotella.s__Prevotella_copri	group	4	2.42274173333811	1.36954202096523	24	18	0.0921399373544183	0.509533779818328
UniRef90_A0A174SLJ8	group	4	2.68946741641084	1.52166485993765	24	18	0.0924083341760328	0.509533779818328
UniRef90_A0A174SLJ8.g__Prevotella.s__Prevotella_copri	group	4	2.68946741641084	1.52166485993765	24	18	0.0924083341760328	0.509533779818328
UniRef90_S4DMT8	group	6	-4.50788572391951	2.09025056089351	24	11	0.0433849111102325	0.509533779818328
UniRef90_A0A174Y717	group	4	2.8575037026056	1.44665778266807	24	18	0.062204446325291	0.509533779818328
UniRef90_A0A174Y717.g__Prevotella.s__Prevotella_copri	group	4	2.8575037026056	1.44665778266807	24	18	0.062204446325291	0.509533779818328
UniRef90_D4RG23	group	6	-3.33922204349952	1.61507203049449	24	9	0.0518684837247156	0.509533779818328
UniRef90_D4RG23.g__Enterococcus.s__Enterococcus_faecium	group	6	-3.33922204349952	1.61507203049449	24	9	0.0518684837247156	0.509533779818328
UniRef90_A0A174MQQ3	group	4	2.93389913704241	1.71596068389814	24	18	0.102779092935632	0.509533779818328
UniRef90_A0A174MQQ3.g__Prevotella.s__Prevotella_copri	group	4	2.93389913704241	1.71596068389814	24	18	0.102779092935632	0.509533779818328
UniRef90_D4JYT8	group	4	5.39064958392002	2.47685928472057	24	20	0.0416811075351524	0.509533779818328
UniRef90_D4JYT8.g__Faecalibacterium.s__Faecalibacterium_prausnitzii	group	4	5.39064958392002	2.47685928472057	24	20	0.0416811075351524	0.509533779818328
UniRef90_I2WAU1	group	4	-2.7395667360034	1.62744108391912	24	20	0.107851316728213	0.509533779818328
UniRef90_I2WAU1.g__Escherichia.s__Escherichia_coli	group	4	-2.7395667360034	1.62744108391912	24	20	0.107851316728213	0.509533779818328
UniRef90_A0A174RM08	group	4	2.88476826255147	1.56291267770193	24	18	0.0797831961199097	0.509533779818328
UniRef90_A0A174RM08.g__Prevotella.s__Prevotella_copri	group	4	2.88476826255147	1.56291267770193	24	18	0.0797831961199097	0.509533779818328
UniRef90_A0A139SZQ0	group	2	5.9692943207953	2.57827940487389	24	17	0.0313414473392	0.509533779818328
UniRef90_S4EDF6.g__Enterococcus.s__Enterococcus_faecium	group	6	-3.58912827840479	1.82495644910052	24	9	0.0632495650411936	0.509533779818328
UniRef90_A0A1S9M166	group	6	-4.42870322805923	2.11831574000565	24	9	0.0495323752421472	0.509533779818328
UniRef90_A0A1S9M166.g__Enterococcus.s__Enterococcus_faecium	group	6	-4.42870322805923	2.11831574000565	24	9	0.0495323752421472	0.509533779818328
UniRef90_A0A3E5E3D3	group	4	3.0059624330041	1.6048740438517	24	18	0.0757569374138278	0.509533779818328
UniRef90_A0A3E5E3D3.g__Prevotella.s__Prevotella_copri	group	4	3.0059624330041	1.6048740438517	24	18	0.0757569374138278	0.509533779818328
UniRef90_A0A174PA28	group	4	2.92341697602269	1.76581752694833	24	18	0.113418530956881	0.527528050962237
UniRef90_A0A174PA28.g__Prevotella.s__Prevotella_copri	group	4	2.92341697602269	1.76581752694833	24	18	0.113418530956881	0.527528050962237
UniRef90_A0A174JTA1	group	4	2.80187573709789	1.70370469700548	24	18	0.115684062285323	0.529850666955677
UniRef90_A0A174JTA1.g__Prevotella.s__Prevotella_copri	group	4	2.80187573709789	1.70370469700548	24	18	0.115684062285323	0.529850666955677
UniRef90_A0A0I1DLX7	group	6	-3.33487168497353	2.04406842227976	24	13	0.118434613839312	0.534291491004415
UniRef90_A0A0I1DLX7.g__Escherichia.s__Escherichia_coli	group	6	-3.33487168497353	2.04406842227976	24	13	0.118434613839312	0.534291491004415
UniRef90_A0A0H2VC20	group	4	-2.4894693816085	1.54952447383334	24	19	0.123815457745742	0.550290923314411
UniRef90_A0A0H2VC20.g__Escherichia.s__Escherichia_coli	group	4	-2.4894693816085	1.54952447383334	24	19	0.123815457745742	0.550290923314411
UniRef90_R6Q8L0.g__Faecalibacterium.s__Faecalibacterium_prausnitzii	group	4	2.187805769946	1.37528129849275	24	23	0.127336441454334	0.561778418180883
UniRef90_V8M0W9	group	4	2.49905439422459	1.60742705231903	24	17	0.135701799034772	0.569542994373633
UniRef90_V8M0W9.g__Streptococcus.s__Streptococcus_salivarius	group	4	2.49905439422459	1.60742705231903	24	17	0.135701799034772	0.569542994373633
UniRef90_A0T3C6.g__Escherichia.s__Escherichia_coli	group	6	-4.78345850461237	3.09102909383354	24	15	0.137414178079753	0.569542994373633
UniRef90_E1IJ03	group	6	-3.93085661288699	2.54810506178719	24	16	0.138588795297584	0.569542994373633
UniRef90_E1IJ03.g__Escherichia.s__Escherichia_coli	group	6	-3.93085661288699	2.54810506178719	24	16	0.138588795297584	0.569542994373633
UniRef90_A0A2J1D4W6	group	4	4.94085051382961	3.18795996981924	24	16	0.136858153661089	0.569542994373633
UniRef90_A0A2J1D4W6.g__Escherichia.s__Escherichia_coli	group	4	4.94085051382961	3.18795996981924	24	16	0.136858153661089	0.569542994373633
UniRef90_A0A174WHN0.g__Prevotella.s__Prevotella_copri	group	4	2.22423864742903	1.43429142993135	24	18	0.136640177836442	0.569542994373633
UniRef90_A0A174IYG9	group	4	2.80316160024649	1.78728410186235	24	18	0.132476131724918	0.569542994373633
UniRef90_A0A174IYG9.g__Prevotella.s__Prevotella_copri	group	4	2.80316160024649	1.78728410186235	24	18	0.132476131724918	0.569542994373633
UniRef90_A0A174Y3E0	group	6	2.29843637479845	1.49942291110571	24	18	0.140972027293224	0.571508218756314
UniRef90_A0A174Y3E0.g__Prevotella.s__Prevotella_copri	group	6	2.29843637479845	1.49942291110571	24	18	0.140972027293224	0.571508218756314
UniRef90_A0A174IWH6	group	4	2.32619252686733	1.5781444707977	24	18	0.156047154216281	0.571520330950849
UniRef90_A0A174IWH6.g__Prevotella.s__Prevotella_copri	group	4	2.32619252686733	1.5781444707977	24	18	0.156047154216281	0.571520330950849
UniRef90_D1PAK7	group	6	3.54184685909618	2.36029600390108	24	16	0.149082934883445	0.571520330950849
UniRef90_D1PAK7.g__Prevotella.s__Prevotella_copri	group	6	3.54184685909618	2.36029600390108	24	16	0.149082934883445	0.571520330950849
UniRef90_V5XUZ1	group	6	-2.81999390865384	1.92462500832222	24	8	0.1584063390429	0.571520330950849
UniRef90_A0A174Y3E0	group	4	2.25482369511948	1.4994229111057	24	18	0.148262276521346	0.571520330950849
UniRef90_A0A174Y3E0.g__Prevotella.s__Prevotella_copri	group	4	2.25482369511948	1.4994229111057	24	18	0.148262276521346	0.571520330950849
UniRef90_A0A2W4HXJ9	group	4	-2.59439970740241	1.77790293773331	24	4	0.160025692666236	0.571520330950849
UniRef90_A0A2W4HXJ9	group	6	-2.5943997074024	1.77790293773331	24	4	0.160025692666238	0.571520330950849
UniRef90_A0A2W4HXJ9.g__Enterococcus.s__Enterococcus_faecium	group	4	-2.59439970740241	1.77790293773331	24	4	0.160025692666236	0.571520330950849
UniRef90_A0A2W4HXJ9.g__Enterococcus.s__Enterococcus_faecium	group	6	-2.5943997074024	1.77790293773331	24	4	0.160025692666238	0.571520330950849
UniRef90_C0FSN2	group	4	3.35364367270561	2.27553235429053	24	14	0.156106021433563	0.571520330950849
UniRef90_C0FSN2.g__Roseburia.s__Roseburia_inulinivorans	group	4	3.35364367270561	2.27553235429053	24	14	0.156106021433563	0.571520330950849
UniRef90_A0A0E1X896	group	6	1.0938279913921	0.724144177630162	24	22	0.146551736807273	0.571520330950849
UniRef90_A0A133MZE1.g__Clostridioides.s__Clostridioides_difficile	group	2	-1.90396012267022	1.28279933267453	24	5	0.153340048471675	0.571520330950849
UniRef90_A0A0E1LDK4	group	4	-2.17787185170335	1.46315921643611	24	22	0.152225628192802	0.571520330950849
UniRef90_A0A0E1LDK4.g__Escherichia.s__Escherichia_coli	group	4	-2.17787185170335	1.46315921643611	24	22	0.152225628192802	0.571520330950849
UniRef90_V0SIR0	group	4	-2.37745669891692	1.60318587034479	24	21	0.153673160311513	0.571520330950849
UniRef90_V0SIR0.g__Escherichia.s__Escherichia_coli	group	4	-2.37745669891692	1.60318587034479	24	21	0.153673160311513	0.571520330950849
UniRef90_V5XSX7	group	2	-2.9533052156511	2.01298353664223	24	11	0.157890825450492	0.571520330950849
UniRef90_A0A1D7PS63	group	4	-1.88763226964311	1.30677470671957	24	22	0.164084232524202	0.575734149207728
UniRef90_A0A1D7PS63.g__Escherichia.s__Escherichia_coli	group	4	-1.88763226964311	1.30677470671957	24	22	0.164084232524202	0.575734149207728
UniRef90_R6Q8L0	group	4	2.03307898466495	1.40395887163785	24	23	0.163084037011421	0.575734149207728
UniRef90_I3U631	group	4	-2.5413134083176	1.79497270002941	24	10	0.172220705956207	0.600769904498398
UniRef90_A0A0E9FRS3	group	4	3.37033348007764	2.38728625293612	24	21	0.173383093898508	0.601328649358988
UniRef90_U9YLK3	group	4	-2.02427549980355	1.44816564324226	24	22	0.177479525489099	0.60850123024834
UniRef90_U9YLK3.g__Escherichia.s__Escherichia_coli	group	4	-2.02427549980355	1.44816564324226	24	22	0.177479525489099	0.60850123024834
UniRef90_A0A174IYG9	group	6	2.43629566879434	1.78728410186235	24	18	0.18799289113547	0.637264037747356
UniRef90_A0A174IYG9.g__Prevotella.s__Prevotella_copri	group	6	2.43629566879434	1.78728410186235	24	18	0.18799289113547	0.637264037747356
UniRef90_A0A174WHN0	group	4	1.89539867244653	1.40649099654698	24	19	0.192853263559492	0.650067180537615
UniRef90_I3U631.g__Enterococcus.s__Enterococcus_faecium	group	4	-2.33885916319331	1.74791044121148	24	10	0.195883454421236	0.656592584652189
UniRef90_A5ZYV3	group	2	-1.67313282944618	1.2975820765517	24	21	0.211964077290245	0.668811176023344
UniRef90_A5ZYV3.g__Blautia.s__Blautia_obeum	group	2	-1.67313282944618	1.2975820765517	24	21	0.211964077290245	0.668811176023344
UniRef90_V5XUZ1.g__Enterococcus.s__Enterococcus_faecium	group	6	-2.74438902970636	2.12636718286288	24	8	0.21154762166973	0.668811176023344
UniRef90_A0A0E1X896.g__Blautia.s__Blautia_obeum	group	6	1.0938279913921	0.838579220660907	24	21	0.206915167600559	0.668811176023344
UniRef90_A0T3C6.g__Klebsiella.s__Klebsiella_pneumoniae	group	6	-2.76029562574161	2.12957101390015	24	7	0.209673746845178	0.668811176023344
UniRef90_J7SHX6	group	4	1.86578871152044	1.45287885785395	24	17	0.213749114060299	0.668811176023344
UniRef90_J7SHX6.g__Streptococcus.s__Streptococcus_salivarius	group	4	1.86578871152044	1.45287885785395	24	17	0.213749114060299	0.668811176023344
UniRef90_A0A133MZE1	group	2	-2.49214662151367	1.89104494780585	24	10	0.202444674119791	0.668811176023344
UniRef90_P59628	group	2	-2.70692685959361	2.0770580466276	24	11	0.207293909999219	0.668811176023344
UniRef90_D1PCG7	group	6	1.91178415889727	1.48213627211524	24	17	0.211807166600213	0.668811176023344
UniRef90_D1PCG7.g__Prevotella.s__Prevotella_copri	group	6	1.91178415889727	1.48213627211524	24	17	0.211807166600213	0.668811176023344
UniRef90_C8ZZG9	group	4	0.415735588834605	0.325570678444184	24	3	0.216248946914214	0.668811176023344
UniRef90_C8ZZG9.g__Enterococcus.s__Enterococcus_gallinarum	group	4	0.415735588834605	0.325570678444184	24	3	0.216248946914214	0.668811176023344
UniRef90_A0A2H4TVT9	group	4	-1.79180456484123	1.39987742881224	24	21	0.215203046502939	0.668811176023344
UniRef90_A0A2H4TVT9.g__Escherichia.s__Escherichia_coli	group	4	-1.79180456484123	1.39987742881224	24	21	0.215203046502939	0.668811176023344
UniRef90_S4DMT8	group	2	-2.39341084411702	1.908128971732	24	11	0.224186600208019	0.68980492371698
UniRef90_A0A174SLJ8	group	6	1.8979213930837	1.52166485993765	24	18	0.226708288547355	0.690482097098542
UniRef90_A0A174SLJ8.g__Prevotella.s__Prevotella_copri	group	6	1.8979213930837	1.52166485993765	24	18	0.226708288547355	0.690482097098542
UniRef90_A0A174Q4J4	group	2	-2.1327002100779	1.78328888707807	24	16	0.245708317281694	0.721066615347512
UniRef90_A0A174Q4J4.g__Prevotella.s__Prevotella_copri	group	2	-2.1327002100779	1.78328888707807	24	16	0.245708317281694	0.721066615347512
UniRef90_J6QDP1	group	4	-1.89578875098082	1.60424050894353	24	9	0.251171537679383	0.721066615347512
UniRef90_J6QDP1.g__Enterococcus.s__Enterococcus_faecium	group	4	-1.89578875098082	1.60424050894353	24	9	0.251171537679383	0.721066615347512
UniRef90_A0A1X4JA18	group	4	-2.69237390479732	2.25914901162368	24	9	0.247303928257794	0.721066615347512
UniRef90_A0A1X4JA18.g__Enterococcus.s__Enterococcus_faecium	group	4	-2.69237390479732	2.25914901162368	24	9	0.247303928257794	0.721066615347512
UniRef90_A0A174XX49	group	6	1.82958140143084	1.54399008265188	24	18	0.249919520854766	0.721066615347512
UniRef90_A0A174XX49.g__Prevotella.s__Prevotella_copri	group	6	1.82958140143084	1.54399008265188	24	18	0.249919520854766	0.721066615347512
UniRef90_A0A174VLZ6	group	6	1.85645505272248	1.54980540078367	24	18	0.244973973685887	0.721066615347512
UniRef90_A0A174VLZ6.g__Prevotella.s__Prevotella_copri	group	6	1.85645505272248	1.54980540078367	24	18	0.244973973685887	0.721066615347512
UniRef90_A0A174NRF1	group	6	1.96443775144507	1.65835290656586	24	18	0.250073389356129	0.721066615347512
UniRef90_A0A174NRF1.g__Prevotella.s__Prevotella_copri	group	6	1.96443775144507	1.65835290656586	24	18	0.250073389356129	0.721066615347512
UniRef90_A0A3E5E3D3	group	6	1.88633693571026	1.6048740438517	24	18	0.253646160609834	0.721268703155927
UniRef90_A0A3E5E3D3.g__Prevotella.s__Prevotella_copri	group	6	1.88633693571026	1.6048740438517	24	18	0.253646160609834	0.721268703155927
UniRef90_A0A174IWH6	group	6	1.77435243696481	1.5781444707977	24	18	0.274187594247395	0.722037053211188
UniRef90_A0A174IWH6.g__Prevotella.s__Prevotella_copri	group	6	1.77435243696481	1.5781444707977	24	18	0.274187594247395	0.722037053211188
UniRef90_A0A174PA28	group	6	1.970985350035	1.76581752694833	24	18	0.277572914804479	0.722037053211188
UniRef90_A0A174PA28.g__Prevotella.s__Prevotella_copri	group	6	1.970985350035	1.76581752694833	24	18	0.277572914804479	0.722037053211188
UniRef90_V5XUZ1	group	4	-2.1960752339277	1.92462500832222	24	8	0.267332273700631	0.722037053211188
UniRef90_A0A1I2RCA3	group	2	1.16404462084946	1.02981781643131	24	3	0.271706717097241	0.722037053211188
UniRef90_A0A1I2RCA3.g__Lactobacillus.s__Lactobacillus_ruminis	group	2	1.16404462084946	1.02981781643131	24	3	0.271706717097241	0.722037053211188
UniRef90_A0A174Q4J4	group	4	2.1806806555835	1.95349510000188	24	16	0.277527633947115	0.722037053211188
UniRef90_A0A174Q4J4.g__Prevotella.s__Prevotella_copri	group	4	2.1806806555835	1.95349510000188	24	16	0.277527633947115	0.722037053211188
UniRef90_J6QDP1	group	2	-1.66980609622509	1.4644645240199	24	9	0.267667452649962	0.722037053211188
UniRef90_J6QDP1.g__Enterococcus.s__Enterococcus_faecium	group	2	-1.66980609622509	1.4644645240199	24	9	0.267667452649962	0.722037053211188
UniRef90_A0A133MZE1	group	4	-2.42587375773175	2.07153595033889	24	10	0.255342156610257	0.722037053211188
UniRef90_A0A0J2B3T8	group	4	-1.54157032295304	1.38116875854927	24	21	0.277595440076532	0.722037053211188
UniRef90_A0A174JTA1	group	6	1.90773783436183	1.70370469700548	24	18	0.276084413547056	0.722037053211188
UniRef90_A0A174JTA1.g__Prevotella.s__Prevotella_copri	group	6	1.90773783436183	1.70370469700548	24	18	0.276084413547056	0.722037053211188
UniRef90_A0A174WHN0	group	6	1.6254978019082	1.40649099654698	24	19	0.261419581925136	0.722037053211188
UniRef90_S4DMT8	group	4	-2.32072195193052	2.09025056089351	24	11	0.280057769894785	0.722037053211188
UniRef90_A0A174Y717	group	6	1.66888588480369	1.44665778266807	24	18	0.262258570802333	0.722037053211188
UniRef90_A0A174Y717.g__Prevotella.s__Prevotella_copri	group	6	1.66888588480369	1.44665778266807	24	18	0.262258570802333	0.722037053211188
UniRef90_D4RG23	group	4	-1.78600221526515	1.61507203049449	24	9	0.281923384648478	0.722037053211188
UniRef90_D4RG23.g__Enterococcus.s__Enterococcus_faecium	group	4	-1.78600221526515	1.61507203049449	24	9	0.281923384648478	0.722037053211188
UniRef90_A0A174MQQ3	group	6	1.89402127539895	1.71596068389814	24	18	0.282797845841049	0.722037053211188
UniRef90_A0A174MQQ3.g__Prevotella.s__Prevotella_copri	group	6	1.89402127539895	1.71596068389814	24	18	0.282797845841049	0.722037053211188
UniRef90_A0A174WHN0.g__Prevotella.s__Prevotella_copri	group	6	1.60896394657695	1.43429142993135	24	18	0.275242842039175	0.722037053211188
UniRef90_A0T3C6.g__Klebsiella.s__Klebsiella_quasipneumoniae	group	6	-1.25287639804713	1.15815997754453	24	6	0.292221031024583	0.733609282906903
UniRef90_A0A174LQ87	group	6	1.8774705410548	1.73539988417174	24	16	0.292184416158948	0.733609282906903
UniRef90_A0A174LQ87.g__Prevotella.s__Prevotella_copri	group	6	1.8774705410548	1.73539988417174	24	16	0.292184416158948	0.733609282906903
UniRef90_A0A139SZQ0	group	4	3.07267820089158	2.82436357920085	24	17	0.289568086600489	0.733609282906903
UniRef90_A0A1S9M166	group	2	-2.07021343487394	1.93374885786557	24	9	0.297113068851379	0.739700586351981
UniRef90_A0A1S9M166.g__Enterococcus.s__Enterococcus_faecium	group	2	-2.07021343487394	1.93374885786557	24	9	0.297113068851379	0.739700586351981
UniRef90_UPI000CDE3CF2	group	6	-2.48321599070052	2.33961506447944	24	12	0.301167520326873	0.740260325645594
UniRef90_UPI000CDE3CF2.g__Escherichia.s__Escherichia_coli	group	6	-2.48321599070052	2.33961506447944	24	12	0.301167520326873	0.740260325645594
UniRef90_A0A174JFP0	group	6	-2.0432323070868	1.92960328016518	24	6	0.302272966305284	0.740260325645594
UniRef90_A0A174JFP0.g__Prevotella.s__Prevotella_copri	group	6	-2.0432323070868	1.92960328016518	24	6	0.302272966305284	0.740260325645594
UniRef90_A0A0E1X896	group	2	-0.696131810939165	0.661050168290113	24	22	0.304866268361855	0.743576264297208
UniRef90_E1IJ03	group	4	-2.61358009991796	2.54810506178718	24	16	0.317281625496671	0.743628809757824
UniRef90_E1IJ03.g__Escherichia.s__Escherichia_coli	group	4	-2.61358009991796	2.54810506178718	24	16	0.317281625496671	0.743628809757824
UniRef90_A0A0M2B020	group	2	-2.24751420623873	2.17323352970405	24	10	0.313396003786275	0.743628809757824
UniRef90_A0A0M2B020.g__Enterococcus.s__Enterococcus_faecium	group	2	-2.24751420623873	2.17323352970405	24	10	0.313396003786275	0.743628809757824
UniRef90_S4EDF6	group	2	-2.10552374169347	2.02503959688654	24	10	0.31086585092521	0.743628809757824
UniRef90_W1I4J5	group	4	3.07619939059246	2.9795580105026	24	18	0.314192413930315	0.743628809757824
UniRef90_W1I4J5.g__Prevotella.s__Prevotella_copri	group	4	3.07619939059246	2.9795580105026	24	18	0.314192413930315	0.743628809757824
UniRef90_A0A2J1D4W6	group	2	-3.0065221043061	2.91019597982248	24	16	0.313888864794375	0.743628809757824
UniRef90_A0A2J1D4W6.g__Escherichia.s__Escherichia_coli	group	2	-3.0065221043061	2.91019597982248	24	16	0.313888864794375	0.743628809757824
UniRef90_A0A396RJ65	group	6	-1.46794356421375	1.42795986593645	24	5	0.316222628174957	0.743628809757824
UniRef90_A0A366U7P8	group	2	-0.516568292006938	0.514683638321379	24	3	0.327531051546336	0.752944946083531
UniRef90_A0A366U7P8.g__Enterococcus.s__Enterococcus_gallinarum	group	2	-0.516568292006938	0.514683638321379	24	3	0.327531051546336	0.752944946083531
UniRef90_U2Z4S8	group	4	2.13844386418016	2.11433405002707	24	19	0.323903987068116	0.752944946083531
UniRef90_F4NKV9	group	4	-1.81116795295758	1.79905713087075	24	22	0.326089265945198	0.752944946083531
UniRef90_F4NKV9.g__Escherichia.s__Escherichia_coli	group	4	-1.81116795295758	1.79905713087075	24	22	0.326089265945198	0.752944946083531
UniRef90_G2SNS8	group	4	-1.6450178108936	1.68173937930694	24	8	0.339677524934797	0.766189905867963
UniRef90_G2SNS8.g__Lactobacillus.s__Lactobacillus_ruminis	group	4	-1.6450178108936	1.68173937930694	24	8	0.339677524934797	0.766189905867963
UniRef90_D1PG33	group	2	-1.39689044384281	1.42695207911736	24	15	0.339306960415621	0.766189905867963
UniRef90_D1PG33.g__Prevotella.s__Prevotella_copri	group	2	-1.39689044384281	1.42695207911736	24	15	0.339306960415621	0.766189905867963
UniRef90_A0A0E9ESU1.g__Klebsiella.s__Klebsiella_pneumoniae	group	6	-1.7883188269494	1.82193228105328	24	6	0.338046738923388	0.766189905867963
UniRef90_V5XUZ1.g__Enterococcus.s__Enterococcus_faecium	group	4	-2.03412013253152	2.12636718286288	24	8	0.350181780478107	0.770846824613264
UniRef90_A0A0E9FRS3	group	2	-2.08934980154504	2.17928421992517	24	21	0.349141186357452	0.770846824613264
UniRef90_A0A174Y4P3	group	6	1.86930095379338	1.9592142139086	24	18	0.351419722506072	0.770846824613264
UniRef90_A0A174Y4P3.g__Prevotella.s__Prevotella_copri	group	6	1.86930095379338	1.9592142139086	24	18	0.351419722506072	0.770846824613264
UniRef90_A7V7B8	group	6	1.78579551952689	1.86236415259317	24	12	0.349065389126079	0.770846824613264
UniRef90_A7V7B8.g__Bacteroides.s__Bacteroides_uniformis	group	6	1.78579551952689	1.86236415259317	24	12	0.349065389126079	0.770846824613264
UniRef90_U2Z4S8.g__Streptococcus.s__Streptococcus_salivarius	group	4	1.21428831400889	1.27521947814655	24	17	0.352353042924417	0.770846824613264
UniRef90_D4RG23	group	2	-1.40107239274654	1.4743523051625	24	9	0.353304794614413	0.770846824613264
UniRef90_D4RG23.g__Enterococcus.s__Enterococcus_faecium	group	2	-1.40107239274654	1.4743523051625	24	9	0.353304794614413	0.770846824613264
UniRef90_A0A1B2H845.g__Klebsiella.s__Klebsiella_pneumoniae	group	6	-2.03018707445052	2.14416460329343	24	8	0.3550193698838	0.771781238877827
UniRef90_A0A366U7P8	group	6	-0.516568292006937	0.5638076773749	24	3	0.370470899670388	0.781427590054165
UniRef90_A0A366U7P8.g__Enterococcus.s__Enterococcus_gallinarum	group	6	-0.516568292006937	0.5638076773749	24	3	0.370470899670388	0.781427590054165
UniRef90_A0A0E1X896.g__Blautia.s__Blautia_obeum	group	2	-0.696131810939164	0.765514592351801	24	21	0.37398674501769	0.781427590054165
UniRef90_A0A174UKK8	group	6	1.43646527050579	1.57468281156981	24	18	0.372515610248738	0.781427590054165
UniRef90_A0A174UKK8.g__Prevotella.s__Prevotella_copri	group	6	1.43646527050579	1.57468281156981	24	18	0.372515610248738	0.781427590054165
UniRef90_A7V7B8	group	4	1.70516907855217	1.86236415259317	24	12	0.370788173456649	0.781427590054165
UniRef90_A7V7B8.g__Bacteroides.s__Bacteroides_uniformis	group	4	1.70516907855217	1.86236415259317	24	12	0.370788173456649	0.781427590054165
UniRef90_A0A1X4JA18	group	2	-1.90205671761711	2.06231145738631	24	9	0.367368452164976	0.781427590054165
UniRef90_A0A1X4JA18.g__Enterococcus.s__Enterococcus_faecium	group	2	-1.90205671761711	2.06231145738631	24	9	0.367368452164976	0.781427590054165
UniRef90_D1PCG7	group	2	-1.22407459339624	1.35299911589022	24	17	0.376387622542756	0.781427590054165
UniRef90_D1PCG7.g__Prevotella.s__Prevotella_copri	group	2	-1.22407459339624	1.35299911589022	24	17	0.376387622542756	0.781427590054165
UniRef90_E7FP09	group	4	-1.79368882149768	1.94021103255092	24	8	0.366256415523837	0.781427590054165
UniRef90_E7FP09.g__Lactobacillus.s__Lactobacillus_ruminis	group	4	-1.79368882149768	1.94021103255092	24	8	0.366256415523837	0.781427590054165
UniRef90_UPI000C03D4E6	group	2	-2.2422118049391	2.51272676346066	24	6	0.382820727934983	0.783933231266176
UniRef90_UPI000C03D4E6.g__Enterococcus.s__Enterococcus_faecium	group	2	-2.2422118049391	2.51272676346066	24	6	0.382820727934983	0.783933231266176
UniRef90_A0A0E9FRS3.g__Dorea.s__Dorea_longicatena	group	2	-2.00578935148659	2.24171227700115	24	16	0.381558783970029	0.783933231266176
UniRef90_S4EDF6.g__Enterococcus.s__Enterococcus_faecium	group	2	-1.49506881356879	1.66594968939481	24	9	0.380167352365995	0.783933231266176
UniRef90_A0A396RJ65	group	4	-1.26794356421375	1.42795986593645	24	5	0.385127139742255	0.78597375457603
UniRef90_A0A0T7A674	group	4	1.7186122649165	1.95519834984993	24	12	0.389842124425281	0.790220522483677
UniRef90_A0A0T7A674.g__Bacteroides.s__Bacteroides_uniformis	group	4	1.7186122649165	1.95519834984993	24	12	0.389842124425281	0.790220522483677
UniRef90_A0A0E9FRS3.g__Dorea.s__Dorea_longicatena	group	6	2.13138394934901	2.4556727630996	24	16	0.395720926328822	0.799436214805702
UniRef90_F7LS08	group	4	2.22463222111903	2.58180063302459	24	17	0.399088574647572	0.800757639651535
UniRef90_F7LS08.g__Bacteroides.s__Bacteroides_fragilis	group	4	2.22463222111903	2.58180063302459	24	17	0.399088574647572	0.800757639651535
UniRef90_A0A1A7TBY5.g__Enterococcus.s__Enterococcus_faecium	group	6	-1.37437968435512	1.5994907639932	24	4	0.400378819825768	0.800757639651535
UniRef90_F2NAL9.g__Collinsella.s__Collinsella_aerofaciens	group	2	-1.42056387764324	1.77155779092394	24	22	0.43205157528762	0.806658327728436
UniRef90_A0A0E9FRS3	group	6	1.99982894336758	2.38728625293613	24	21	0.412098701339924	0.806658327728436
UniRef90_A0A1A7TBY5	group	6	-1.93745114324221	2.47184322365785	24	5	0.442336955102977	0.806658327728436
UniRef90_A0A0T7A674	group	6	1.57798623459643	1.95519834984993	24	12	0.429118988553056	0.806658327728436
UniRef90_A0A0T7A674.g__Bacteroides.s__Bacteroides_uniformis	group	6	1.57798623459643	1.95519834984993	24	12	0.429118988553056	0.806658327728436
UniRef90_A0T3C6.g__Klebsiella.s__Klebsiella_pneumoniae	group	2	-1.50732687776778	1.94402347020377	24	7	0.447195873540082	0.806658327728436
UniRef90_A0A0M2B020	group	4	-1.84783871999356	2.38065805389097	24	10	0.44672046300508	0.806658327728436
UniRef90_A0A0M2B020.g__Enterococcus.s__Enterococcus_faecium	group	4	-1.84783871999356	2.38065805389097	24	10	0.44672046300508	0.806658327728436
UniRef90_E7FTM0	group	2	0.910011754114011	1.08982133309362	24	4	0.413575929492187	0.806658327728436
UniRef90_E7FTM0.g__Lactobacillus.s__Lactobacillus_ruminis	group	2	0.910011754114011	1.08982133309362	24	4	0.413575929492187	0.806658327728436
UniRef90_T4C1L2	group	2	1.46667606841755	1.89370766603351	24	13	0.447695371889282	0.806658327728436
UniRef90_T4C1L2	group	6	-1.62410949854488	2.07445281201403	24	13	0.442852406179657	0.806658327728436
UniRef90_J7TUV6	group	4	0.723858798762136	0.87039312717318	24	17	0.415428399915066	0.806658327728436
UniRef90_J7TUV6.g__Streptococcus.s__Streptococcus_salivarius	group	4	0.723858798762136	0.87039312717318	24	17	0.415428399915066	0.806658327728436
UniRef90_W1ESP1	group	2	1.81893386334558	2.27358873724941	24	12	0.43309522416239	0.806658327728436
UniRef90_W1ESP1.g__Escherichia.s__Escherichia_coli	group	2	1.81893386334558	2.27358873724941	24	12	0.43309522416239	0.806658327728436
UniRef90_P59628	group	4	-1.77266852638411	2.27530309077111	24	11	0.4450473837347	0.806658327728436
UniRef90_A0A174HS30	group	6	1.56672375032045	1.98715785235597	24	17	0.43969440137191	0.806658327728436
UniRef90_A0A174HS30.g__Prevotella.s__Prevotella_copri	group	6	1.56672375032045	1.98715785235597	24	17	0.43969440137191	0.806658327728436
UniRef90_A0A2J1D4W6	group	6	-2.60557228772154	3.18795996981924	24	16	0.423377596879574	0.806658327728436
UniRef90_A0A2J1D4W6.g__Escherichia.s__Escherichia_coli	group	6	-2.60557228772154	3.18795996981924	24	16	0.423377596879574	0.806658327728436
UniRef90_A0A1A7TBY5.g__Escherichia.s__Escherichia_coli	group	6	-1.79349063068298	2.23006185774533	24	5	0.430718470230272	0.806658327728436
UniRef90_C8ZZG9	group	2	-0.232243856615678	0.297204007743567	24	3	0.443702747649247	0.806658327728436
UniRef90_C8ZZG9.g__Enterococcus.s__Enterococcus_gallinarum	group	2	-0.232243856615678	0.297204007743567	24	3	0.443702747649247	0.806658327728436
UniRef90_D4JYT8	group	6	1.92095358165137	2.47685928472057	24	20	0.447082893730846	0.806658327728436
UniRef90_D4JYT8.g__Faecalibacterium.s__Faecalibacterium_prausnitzii	group	6	1.92095358165137	2.47685928472057	24	20	0.447082893730846	0.806658327728436
UniRef90_A0A174RM08	group	6	1.31334693422033	1.56291267770193	24	18	0.410662741760578	0.806658327728436
UniRef90_A0A174RM08.g__Prevotella.s__Prevotella_copri	group	6	1.31334693422033	1.56291267770193	24	18	0.410662741760578	0.806658327728436
UniRef90_Q9LBQ5	group	4	-1.28741774415291	1.55250715926826	24	4	0.41675041500115	0.806658327728436
UniRef90_Q9LBQ5	group	6	-1.28741774415291	1.55250715926826	24	4	0.416750415001152	0.806658327728436
UniRef90_V5XSX7	group	4	-1.72082522711929	2.20511298181095	24	11	0.444306030664382	0.806658327728436
UniRef90_A0A1S9M166	group	4	-1.68189179302157	2.11831574000565	24	9	0.436529307906251	0.806658327728436
UniRef90_A0A1S9M166.g__Enterococcus.s__Enterococcus_faecium	group	4	-1.68189179302157	2.11831574000565	24	9	0.436529307906251	0.806658327728436
UniRef90_A0A2W4HXJ9	group	2	-1.24162703620003	1.62299590675207	24	4	0.45319198426209	0.810327122561896
UniRef90_A0A2W4HXJ9.g__Enterococcus.s__Enterococcus_faecium	group	2	-1.24162703620003	1.62299590675207	24	4	0.45319198426209	0.810327122561896
UniRef90_A0A174Q4J4	group	6	1.48675301360184	1.95349510000188	24	16	0.455493798263966	0.810327122561896
UniRef90_A0A174Q4J4.g__Prevotella.s__Prevotella_copri	group	6	1.48675301360184	1.95349510000188	24	16	0.455493798263966	0.810327122561896
UniRef90_A0A1S8JJQ1	group	6	-1.30712853000676	1.72551489905288	24	5	0.457565775969675	0.810327122561896
UniRef90_A0A1B2H845.g__Klebsiella.s__Klebsiella_pneumoniae	group	4	1.62328291698544	2.14416460329343	24	8	0.457834824247471	0.810327122561896
UniRef90_Q1WUH8	group	4	-1.2508679291985	1.67438843190095	24	9	0.463720543285597	0.811172962015622
UniRef90_F2NAL9	group	2	-1.32528438936708	1.77335400104868	24	22	0.463559712665336	0.811172962015622
UniRef90_A0A174KXX9	group	4	-1.43454106410795	1.9147476954804	24	10	0.462454557418809	0.811172962015622
UniRef90_A0A174KXX9.g__Collinsella.s__Collinsella_aerofaciens	group	4	-1.43454106410795	1.9147476954804	24	10	0.462454557418809	0.811172962015622
UniRef90_Q1WUH8	group	6	-1.22552727586478	1.67438843190095	24	9	0.472704416496522	0.822094637385256
UniRef90_A0A1A7TBY5.g__Enterococcus.s__Enterococcus_faecium	group	4	-1.17437968435512	1.5994907639932	24	4	0.471335074183934	0.822094637385256
UniRef90_S4EDF6.g__Enterococcus.s__Enterococcus_faecium	group	4	-1.32228007882934	1.82495644910052	24	9	0.477117032733107	0.827370576993827
UniRef90_C8ZZG9	group	6	-0.232243856615678	0.325570678444184	24	3	0.483874423189497	0.829499011181995
UniRef90_C8ZZG9.g__Enterococcus.s__Enterococcus_gallinarum	group	6	-0.232243856615678	0.325570678444184	24	3	0.483874423189497	0.829499011181995
UniRef90_A0A174VUA9	group	6	0.978756356026794	1.36954202096523	24	18	0.483078460962186	0.829499011181995
UniRef90_A0A174VUA9.g__Prevotella.s__Prevotella_copri	group	6	0.978756356026794	1.36954202096523	24	18	0.483078460962186	0.829499011181995
UniRef90_O07102	group	2	1.68451632651569	2.37063198629211	24	12	0.485550870735134	0.830001488436127
UniRef90_Q1WUH8.g__Lactobacillus.s__Lactobacillus_ruminis	group	4	-1.41686537627568	2.01487283862257	24	9	0.490034771482882	0.831707108212727
UniRef90_A0A0E1X896	group	4	0.505137731003113	0.724144177630162	24	22	0.493479550872885	0.831707108212727
UniRef90_A0A0E9ESU1	group	2	1.14725181332046	1.63933963060354	24	12	0.49209681665039	0.831707108212727
UniRef90_W1I4J5	group	2	-1.9032833325805	2.71995188957915	24	18	0.492143690078708	0.831707108212727
UniRef90_W1I4J5.g__Prevotella.s__Prevotella_copri	group	2	-1.9032833325805	2.71995188957915	24	18	0.492143690078708	0.831707108212727
UniRef90_A7V4G2	group	4	1.51892621495081	2.23099906681086	24	12	0.503787277991001	0.84433622009665
UniRef90_A7V4G2.g__Bacteroides.s__Bacteroides_uniformis	group	4	1.51892621495081	2.23099906681086	24	12	0.503787277991001	0.84433622009665
UniRef90_A0A0E9ESU1	group	6	-1.18418125005415	1.79580659018749	24	12	0.517151190117742	0.846364495216672
UniRef90_A0A174KXX9	group	6	-1.2608788118143	1.9147476954804	24	10	0.517720687398958	0.846364495216672
UniRef90_A0A174KXX9.g__Collinsella.s__Collinsella_aerofaciens	group	6	-1.2608788118143	1.9147476954804	24	10	0.517720687398958	0.846364495216672
UniRef90_F7LS08	group	6	1.68292383966068	2.58180063302459	24	17	0.521924772050281	0.846364495216672
UniRef90_F7LS08.g__Bacteroides.s__Bacteroides_fragilis	group	6	1.68292383966068	2.58180063302459	24	17	0.521924772050281	0.846364495216672
UniRef90_J7TUV6	group	2	-0.523830089850405	0.794556582750355	24	17	0.517239967312934	0.846364495216672
UniRef90_J7TUV6.g__Streptococcus.s__Streptococcus_salivarius	group	2	-0.523830089850405	0.794556582750355	24	17	0.517239967312934	0.846364495216672
UniRef90_U2Z4S8	group	2	-1.28672651438494	1.93011408883514	24	19	0.512608458600342	0.846364495216672
UniRef90_U2Z4S8.g__Streptococcus.s__Streptococcus_salivarius	group	6	-0.847341577821709	1.27521947814655	24	17	0.513980167412981	0.846364495216672
UniRef90_A0A1S8JJQ1	group	2	1.02709235164838	1.57517238920419	24	5	0.521792315836658	0.846364495216672
UniRef90_A0A2H3JTN8	group	2	1.77506180263333	2.65040850933453	24	14	0.510687959557342	0.846364495216672
UniRef90_A0A2H3JTN8.g__Escherichia.s__Escherichia_coli	group	2	1.77506180263333	2.65040850933453	24	14	0.510687959557342	0.846364495216672
UniRef90_D1PAK7	group	4	1.49975656776449	2.36029600390108	24	16	0.532364315271428	0.8495175243693
UniRef90_D1PAK7.g__Prevotella.s__Prevotella_copri	group	4	1.49975656776449	2.36029600390108	24	16	0.532364315271428	0.8495175243693
UniRef90_A0A3E4MCK9	group	4	-1.26784909943259	1.989991502077	24	9	0.531277374272664	0.8495175243693
UniRef90_A0A3E4MCK9.g__Lactobacillus.s__Lactobacillus_ruminis	group	4	-1.26784909943259	1.989991502077	24	9	0.531277374272664	0.8495175243693
UniRef90_E1IJ03	group	2	-1.47929087886728	2.32609103538989	24	16	0.532016008604451	0.8495175243693
UniRef90_E1IJ03.g__Escherichia.s__Escherichia_coli	group	2	-1.47929087886728	2.32609103538989	24	16	0.532016008604451	0.8495175243693
UniRef90_Q9LBQ4	group	2	-1.17671467699514	1.87627220156712	24	7	0.537651761211926	0.851163738066374
UniRef90_W1ESP1	group	6	-1.56288760396133	2.49059167576238	24	12	0.53741996016899	0.851163738066374
UniRef90_W1ESP1.g__Escherichia.s__Escherichia_coli	group	6	-1.56288760396133	2.49059167576238	24	12	0.53741996016899	0.851163738066374
UniRef90_A0A1A7TBY5	group	2	1.3850582851665	2.25647382035616	24	5	0.546256316524128	0.86250997345915
UniRef90_G2SRQ4	group	6	-1.04367642290055	1.74118746311703	24	8	0.555633000217404	0.863678238679903
UniRef90_G2SRQ4.g__Lactobacillus.s__Lactobacillus_ruminis	group	6	-1.04367642290055	1.74118746311703	24	8	0.555633000217404	0.863678238679903
UniRef90_A0A174UKK8	group	2	-0.865560660503994	1.43748216135407	24	18	0.553849059315308	0.863678238679903
UniRef90_A0A174UKK8.g__Prevotella.s__Prevotella_copri	group	2	-0.865560660503994	1.43748216135407	24	18	0.553849059315308	0.863678238679903
UniRef90_A7AJP8	group	2	0.269934969455838	0.444384388760876	24	6	0.550397024020346	0.863678238679903
UniRef90_A7AJP8.g__Parabacteroides.s__Parabacteroides_merdae	group	2	0.269934969455838	0.444384388760876	24	6	0.550397024020346	0.863678238679903
UniRef90_W1I4J5	group	6	1.76208778025518	2.9795580105026	24	18	0.560883113093129	0.867345020247106
UniRef90_W1I4J5.g__Prevotella.s__Prevotella_copri	group	6	1.76208778025518	2.9795580105026	24	18	0.560883113093129	0.867345020247106
UniRef90_D1PAK7	group	2	-1.23605455747155	2.15464560620988	24	16	0.572586720157113	0.867520183733682
UniRef90_D1PAK7.g__Prevotella.s__Prevotella_copri	group	2	-1.23605455747155	2.15464560620988	24	16	0.572586720157113	0.867520183733682
UniRef90_G2SRQ4	group	4	-0.993856039994897	1.74118746311703	24	8	0.574498622605881	0.867520183733682
UniRef90_G2SRQ4.g__Lactobacillus.s__Lactobacillus_ruminis	group	4	-0.993856039994897	1.74118746311703	24	8	0.574498622605881	0.867520183733682
UniRef90_C0FSN2	group	2	1.17819175226114	2.0772673346296	24	14	0.576900922182898	0.867520183733682
UniRef90_C0FSN2.g__Roseburia.s__Roseburia_inulinivorans	group	2	1.17819175226114	2.0772673346296	24	14	0.576900922182898	0.867520183733682
UniRef90_S4EDF6	group	4	-1.30432974488224	2.21831973411186	24	10	0.563126178496263	0.867520183733682
UniRef90_U9YLK3	group	2	-0.771658036412543	1.32198831634627	24	22	0.565940858408772	0.867520183733682
UniRef90_U9YLK3.g__Escherichia.s__Escherichia_coli	group	2	-0.771658036412543	1.32198831634627	24	22	0.565940858408772	0.867520183733682
UniRef90_A0A1A7TBY5.g__Escherichia.s__Escherichia_coli	group	2	1.16602293200491	2.03575864019832	24	5	0.573183590887497	0.867520183733682
UniRef90_O07102	group	6	-1.50630881474005	2.59689722887094	24	12	0.568364352345508	0.867520183733682
UniRef90_UPI0004A57A81	group	2	-0.989113704617318	1.78788144451651	24	6	0.586236131762828	0.877161294408221
UniRef90_UPI0004A57A81.g__Enterococcus.s__Enterococcus_faecium	group	2	-0.989113704617318	1.78788144451651	24	6	0.586236131762828	0.877161294408221
UniRef90_A0A366U7P8	group	4	0.307258760161593	0.5638076773749	24	3	0.591799439882519	0.881090977492585
UniRef90_A0A366U7P8.g__Enterococcus.s__Enterococcus_gallinarum	group	4	0.307258760161593	0.5638076773749	24	3	0.591799439882519	0.881090977492585
UniRef90_Q9LBQ4.g__Enterococcus.s__Enterococcus_faecium	group	2	-1.17671467699514	2.20055793457518	24	7	0.598728583927272	0.882862323927297
UniRef90_A7AJP8	group	4	0.260203213263721	0.486798707854954	24	6	0.598874943064016	0.882862323927297
UniRef90_A7AJP8.g__Parabacteroides.s__Parabacteroides_merdae	group	4	0.260203213263721	0.486798707854954	24	6	0.598874943064016	0.882862323927297
UniRef90_A0A174WHN0	group	2	-0.691193230014322	1.2839447428945	24	19	0.596286483493153	0.882862323927297
UniRef90_A0T3C6.g__Klebsiella.s__Klebsiella_quasipneumoniae	group	2	-0.535382731627336	1.0572505748347	24	6	0.618118700319955	0.890131638880301
UniRef90_A0A1B2H845	group	2	1.26607780180311	2.48671318423335	24	16	0.616227539359117	0.890131638880301
UniRef90_A0A0E9FRS3.g__Tyzzerella.s__Tyzzerella_nexilis	group	6	-1.41888347028722	2.79507912621373	24	8	0.617260977975132	0.890131638880301
UniRef90_A0A0H2VC20	group	2	0.73496513453879	1.41451584620807	24	19	0.609054036603211	0.890131638880301
UniRef90_A0A0H2VC20.g__Escherichia.s__Escherichia_coli	group	2	0.73496513453879	1.41451584620807	24	19	0.609054036603211	0.890131638880301
UniRef90_A0A2R3NGS3	group	6	-1.38395666652417	2.74623127600153	24	13	0.619804412143698	0.890131638880301
UniRef90_A0A2R3NGS3.g__Escherichia.s__Escherichia_coli	group	6	-1.38395666652417	2.72620014412033	24	13	0.617251208278911	0.890131638880301
UniRef90_A0A174LQ87	group	4	0.873744532392567	1.73539988417174	24	16	0.620125041753276	0.890131638880301
UniRef90_A0A174LQ87.g__Prevotella.s__Prevotella_copri	group	4	0.873744532392567	1.73539988417174	24	16	0.620125041753276	0.890131638880301
UniRef90_I2WAU1	group	2	-0.768348770403518	1.48564365445527	24	20	0.610701557657694	0.890131638880301
UniRef90_I2WAU1.g__Escherichia.s__Escherichia_coli	group	2	-0.768348770403518	1.48564365445527	24	20	0.610701557657694	0.890131638880301
UniRef90_A0A1V2STI7.g__Escherichia.s__Escherichia_coli	group	6	-1.25579557809024	2.5337739166733	24	11	0.625562766640266	0.895793937909689
UniRef90_F7QX76	group	4	-0.896874210004642	1.83713184888025	24	8	0.630722886212957	0.898892474412765
UniRef90_F7QX76.g__Lactobacillus.s__Lactobacillus_ruminis	group	4	-0.896874210004642	1.83713184888025	24	8	0.630722886212957	0.898892474412765
UniRef90_A0A1V2STI7	group	6	-1.25579557809024	2.58565739347069	24	11	0.632474069733118	0.899252231848035
UniRef90_J7SHX6	group	6	-0.694208032777467	1.45287885785395	24	17	0.63796232839077	0.90277687979826
UniRef90_J7SHX6.g__Streptococcus.s__Streptococcus_salivarius	group	6	-0.694208032777467	1.45287885785395	24	17	0.63796232839077	0.90277687979826
UniRef90_A0A0J2B3T8	group	2	0.596963876218372	1.26082880796474	24	21	0.641005441957412	0.904948859233993
UniRef90_T4C1L2	group	4	0.971129247096084	2.07445281201403	24	13	0.644747685779151	0.908095332083311
UniRef90_Q1WUH8	group	2	-0.706057708776945	1.52850052362975	24	9	0.649117938251132	0.908864922970729
UniRef90_V0SIR0	group	2	-0.674537433971807	1.46350177510232	24	21	0.649838419924071	0.908864922970729
UniRef90_V0SIR0.g__Escherichia.s__Escherichia_coli	group	2	-0.674537433971807	1.46350177510232	24	21	0.649838419924071	0.908864922970729
UniRef90_A0T3C6.g__Escherichia.s__Escherichia_coli	group	2	1.26195074708911	2.82171060099564	24	15	0.659515594966287	0.911527612435254
UniRef90_Q1WUH8.g__Lactobacillus.s__Lactobacillus_ruminis	group	2	-0.823627300752065	1.83931884036341	24	9	0.659117927997079	0.911527612435254
UniRef90_A0A2H3JTN8	group	6	-1.28792917720154	2.90337705433232	24	14	0.662095788002117	0.911527612435254
UniRef90_A0A2H3JTN8.g__Escherichia.s__Escherichia_coli	group	6	-1.28792917720154	2.90337705433232	24	14	0.662095788002117	0.911527612435254
UniRef90_F7QZZ8	group	6	-0.81258017290915	1.79414118199338	24	6	0.655490247583357	0.911527612435254
UniRef90_F7QZZ8.g__Lactobacillus.s__Lactobacillus_ruminis	group	6	-0.81258017290915	1.79414118199338	24	6	0.655490247583357	0.911527612435254
UniRef90_E7FP09	group	6	-0.855762150231965	1.94021103255092	24	8	0.663895944390343	0.911527612435254
UniRef90_E7FP09.g__Lactobacillus.s__Lactobacillus_ruminis	group	6	-0.855762150231965	1.94021103255092	24	8	0.663895944390343	0.911527612435254
UniRef90_E7FSA1	group	4	-0.7017415713099	1.61570170992092	24	6	0.668701259933074	0.912753954013203
UniRef90_E7FSA1.g__Lactobacillus.s__Lactobacillus_ruminis	group	4	-0.7017415713099	1.61570170992092	24	6	0.668701259933074	0.912753954013203
UniRef90_A0A2H4TVT9	group	2	-0.551142360975614	1.27790740917132	24	21	0.670874156199704	0.912753954013203
UniRef90_A0A2H4TVT9.g__Escherichia.s__Escherichia_coli	group	2	-0.551142360975614	1.27790740917132	24	21	0.670874156199704	0.912753954013203
UniRef90_V8M0W9	group	6	0.493655923006096	1.60742705231903	24	17	0.76193494780149	0.91510078070187
UniRef90_V8M0W9.g__Streptococcus.s__Streptococcus_salivarius	group	6	0.493655923006096	1.60742705231903	24	17	0.76193494780149	0.91510078070187
UniRef90_A0A192CAU6	group	2	-0.412866087634605	1.13243379487839	24	22	0.719249219798628	0.91510078070187
UniRef90_A0A192CAU6.g__Escherichia.s__Escherichia_coli	group	2	-0.412866087634605	1.13243379487839	24	22	0.719249219798628	0.91510078070187
UniRef90_A0T3C6.g__Klebsiella.s__Klebsiella_quasipneumoniae	group	4	-0.361908911773113	1.15815997754453	24	6	0.757905907897216	0.91510078070187
UniRef90_A0A1S8IMK6	group	2	-1.16724559737744	3.23512608916677	24	10	0.722029078429117	0.91510078070187
UniRef90_A0A1V2STI7	group	2	0.693067053592616	2.36037146730651	24	11	0.77206884038457	0.91510078070187
UniRef90_E1IVY0	group	2	-0.435835612430142	1.14871413188523	24	22	0.708380672344838	0.91510078070187
UniRef90_E1IVY0.g__Escherichia.s__Escherichia_coli	group	2	-0.435835612430142	1.14871413188523	24	22	0.708380672344838	0.91510078070187
UniRef90_Q1WUH8.g__Lactobacillus.s__Lactobacillus_ruminis	group	6	-0.617518079311764	2.01487283862257	24	9	0.762407082775672	0.91510078070187
UniRef90_V5XUZ1.g__Enterococcus.s__Enterococcus_faecium	group	2	0.706528463849961	1.94109878598785	24	8	0.719689705932488	0.91510078070187
UniRef90_A0A1A7TBY5	group	4	-0.834239180086831	2.47184322365785	24	5	0.739258842735117	0.91510078070187
UniRef90_E7FSA1	group	6	-0.596000529073129	1.61570170992092	24	6	0.716093134666724	0.91510078070187
UniRef90_E7FSA1.g__Lactobacillus.s__Lactobacillus_ruminis	group	6	-0.596000529073129	1.61570170992092	24	6	0.716093134666724	0.91510078070187
UniRef90_A0A0E9FRS3.g__Tyzzerella.s__Tyzzerella_nexilis	group	2	-0.765732517558483	2.55154647906515	24	8	0.767193882145144	0.91510078070187
UniRef90_A0A0E9FRS3.g__Tyzzerella.s__Tyzzerella_nexilis	group	4	0.900281088220085	2.79507912621373	24	8	0.750723171305044	0.91510078070187
UniRef90_A0A3E4MCK9	group	2	-0.646704472303534	1.81660539155194	24	9	0.725571088660146	0.91510078070187
UniRef90_A0A3E4MCK9.g__Lactobacillus.s__Lactobacillus_ruminis	group	2	-0.646704472303534	1.81660539155194	24	9	0.725571088660146	0.91510078070187
UniRef90_G2SNS8	group	2	-0.464207015427967	1.53521098981858	24	8	0.765489581865993	0.91510078070187
UniRef90_G2SNS8	group	6	-0.602319476616804	1.68173937930694	24	8	0.723981453504227	0.91510078070187
UniRef90_G2SNS8.g__Lactobacillus.s__Lactobacillus_ruminis	group	2	-0.464207015427967	1.53521098981858	24	8	0.765489581865993	0.91510078070187
UniRef90_G2SNS8.g__Lactobacillus.s__Lactobacillus_ruminis	group	6	-0.602319476616804	1.68173937930694	24	8	0.723981453504227	0.91510078070187
UniRef90_A0A1S8IMK6.g__Escherichia.s__Escherichia_coli	group	2	-1.25660050713957	3.01553417454981	24	10	0.681329576728953	0.91510078070187
UniRef90_A0A1S8IMK6.g__Enterococcus.s__Enterococcus_faecium	group	2	-0.961480498890173	3.02742075061785	24	7	0.754087385132287	0.91510078070187
UniRef90_R6Q8L0	group	2	-0.376100605965205	1.28163323967592	24	23	0.772198468161697	0.91510078070187
UniRef90_A0T3C6.g__Klebsiella.s__Klebsiella_pneumoniae	group	4	0.684179640582915	2.12957101390015	24	7	0.751334651513768	0.91510078070187
UniRef90_R6Q8L0.g__Faecalibacterium.s__Faecalibacterium_prausnitzii	group	2	-0.508415310495826	1.25545431683246	24	23	0.689801865565002	0.91510078070187
UniRef90_A7AJP8	group	6	0.182851910175154	0.486798707854954	24	6	0.711152935108085	0.91510078070187
UniRef90_A7AJP8.g__Parabacteroides.s__Parabacteroides_merdae	group	6	0.182851910175154	0.486798707854954	24	6	0.711152935108085	0.91510078070187
UniRef90_E7FTM0	group	4	-0.458514306123032	1.19383945557146	24	4	0.704981677821115	0.91510078070187
UniRef90_E7FTM0.g__Lactobacillus.s__Lactobacillus_ruminis	group	4	-0.458514306123032	1.19383945557146	24	4	0.704981677821115	0.91510078070187
UniRef90_A0A0E9ESU1	group	4	-0.714490741646855	1.79580659018748	24	12	0.694943698952833	0.91510078070187
UniRef90_A0A0E9ESU1.g__Klebsiella.s__Klebsiella_pneumoniae	group	4	-0.634270617749726	1.82193228105328	24	6	0.731379524555149	0.91510078070187
UniRef90_A0A2H4TTX9	group	2	-0.391540836146179	0.940553614512877	24	22	0.681632888348863	0.91510078070187
UniRef90_A0A2H4TTX9.g__Escherichia.s__Escherichia_coli	group	2	-0.391540836146179	0.940553614512877	24	22	0.681632888348863	0.91510078070187
UniRef90_UPI000CDE3CF2	group	4	-0.874729877851822	2.33961506447944	24	12	0.712429453351067	0.91510078070187
UniRef90_UPI000CDE3CF2.g__Escherichia.s__Escherichia_coli	group	4	-0.874729877851822	2.33961506447944	24	12	0.712429453351067	0.91510078070187
UniRef90_U2Z4S8	group	6	-0.754538934552498	2.11433405002707	24	19	0.724927991589373	0.91510078070187
UniRef90_U2Z4S8.g__Streptococcus.s__Streptococcus_salivarius	group	2	-0.481423041183379	1.16411078991805	24	17	0.683601309902722	0.91510078070187
UniRef90_A0A1S8JJQ1	group	4	-0.524816288370302	1.72551489905288	24	5	0.764155119129125	0.91510078070187
UniRef90_A0A1B2H845.g__Escherichia.s__Escherichia_coli	group	2	0.897673281429473	2.37844377240928	24	16	0.709836516920051	0.91510078070187
UniRef90_A0A1B2H845.g__Escherichia.s__Escherichia_coli	group	4	-1.0748155835661	2.60545461181249	24	16	0.684343066143872	0.91510078070187
UniRef90_A0A174NRF1	group	2	0.512277226483086	1.5138621587173	24	18	0.738595177113296	0.91510078070187
UniRef90_A0A174NRF1.g__Prevotella.s__Prevotella_copri	group	2	0.512277226483086	1.5138621587173	24	18	0.738595177113296	0.91510078070187
UniRef90_F7QZZ8	group	4	-0.628828461759356	1.79414118199337	24	6	0.729635524428933	0.91510078070187
UniRef90_F7QZZ8.g__Lactobacillus.s__Lactobacillus_ruminis	group	4	-0.628828461759356	1.79414118199337	24	6	0.729635524428933	0.91510078070187
UniRef90_A0A1A7TBY5.g__Enterococcus.s__Enterococcus_faecium	group	2	0.58525183085915	1.46012861993375	24	4	0.69280086979641	0.91510078070187
UniRef90_A0A1A7TBY5.g__Escherichia.s__Escherichia_coli	group	4	-0.809097867347183	2.23006185774533	24	5	0.720549849369647	0.91510078070187
UniRef90_E7FP09	group	2	-0.56262218740136	1.77116224808088	24	8	0.754037744406691	0.91510078070187
UniRef90_E7FP09.g__Lactobacillus.s__Lactobacillus_ruminis	group	2	-0.56262218740136	1.77116224808088	24	8	0.754037744406691	0.91510078070187
UniRef90_A0A174VUA9	group	2	0.383971923265008	1.25021509722312	24	18	0.761923464781426	0.91510078070187
UniRef90_A0A174VUA9.g__Prevotella.s__Prevotella_copri	group	2	0.383971923265008	1.25021509722312	24	18	0.761923464781426	0.91510078070187
UniRef90_A0A174SLJ8	group	2	0.452139496652858	1.38908361458465	24	18	0.748187334410811	0.91510078070187
UniRef90_A0A174SLJ8.g__Prevotella.s__Prevotella_copri	group	2	0.452139496652858	1.38908361458465	24	18	0.748187334410811	0.91510078070187
UniRef90_A0A174Y717	group	2	0.396625714990711	1.32061183426285	24	18	0.767021336783049	0.91510078070187
UniRef90_A0A174Y717.g__Prevotella.s__Prevotella_copri	group	2	0.396625714990711	1.32061183426285	24	18	0.767021336783049	0.91510078070187
UniRef90_A0A174JFP0	group	2	0.514430925991637	1.76147873930405	24	6	0.77326015969308	0.91510078070187
UniRef90_A0A174JFP0	group	4	-0.651597489677861	1.92960328016518	24	6	0.739119363649488	0.91510078070187
UniRef90_A0A174JFP0.g__Prevotella.s__Prevotella_copri	group	2	0.514430925991637	1.76147873930405	24	6	0.77326015969308	0.91510078070187
UniRef90_A0A174JFP0.g__Prevotella.s__Prevotella_copri	group	4	-0.651597489677861	1.92960328016518	24	6	0.739119363649488	0.91510078070187
UniRef90_A0A174WHN0.g__Prevotella.s__Prevotella_copri	group	2	-0.387928560830183	1.30932295034957	24	18	0.770069563301903	0.91510078070187
UniRef90_A0A0I1DLX7	group	2	0.756832293971178	1.86597063994437	24	13	0.689344915756105	0.91510078070187
UniRef90_A0A0I1DLX7	group	4	-0.605947780271531	2.04406842227976	24	13	0.769948987926019	0.91510078070187
UniRef90_A0A0I1DLX7.g__Escherichia.s__Escherichia_coli	group	2	0.756832293971178	1.86597063994437	24	13	0.689344915756105	0.91510078070187
UniRef90_A0A0I1DLX7.g__Escherichia.s__Escherichia_coli	group	4	-0.605947780271531	2.04406842227976	24	13	0.769948987926019	0.91510078070187
UniRef90_Q9LBQ5	group	2	0.567287062619219	1.41723865303249	24	4	0.693196334646325	0.91510078070187
UniRef90_A0A174LQ87	group	2	-0.453892708601336	1.58419610475452	24	16	0.777432240418199	0.916423073184517
UniRef90_A0A174LQ87.g__Prevotella.s__Prevotella_copri	group	2	-0.453892708601336	1.58419610475452	24	16	0.777432240418199	0.916423073184517
UniRef90_A0A1B2H845	group	4	-0.752660907260574	2.72405781010021	24	16	0.785151665659538	0.921900194512177
UniRef90_A0A1B2H845.g__Klebsiella.s__Klebsiella_pneumoniae	group	2	0.541759357538382	1.95734553371321	24	8	0.784787296888081	0.921900194512177
UniRef90_A0A174IWH6	group	2	-0.348853398488974	1.44064220942992	24	18	0.811128659646638	0.927004182453301
UniRef90_A0A174IWH6.g__Prevotella.s__Prevotella_copri	group	2	-0.348853398488974	1.44064220942992	24	18	0.811128659646638	0.927004182453301
UniRef90_F2NAL9.g__Collinsella.s__Collinsella_aerofaciens	group	4	0.473837150398847	1.94064432802612	24	22	0.809590452450305	0.927004182453301
UniRef90_F2NAL9	group	4	0.473837150398846	1.9426119776328	24	22	0.80977933837949	0.927004182453301
UniRef90_A0A174Y3E0	group	2	-0.333924973843413	1.36877958608776	24	18	0.809748306219818	0.927004182453301
UniRef90_A0A174Y3E0.g__Prevotella.s__Prevotella_copri	group	2	-0.333924973843413	1.36877958608776	24	18	0.809748306219818	0.927004182453301
UniRef90_A7V4G2	group	6	0.541064473856697	2.23099906681086	24	12	0.810846064566912	0.927004182453301
UniRef90_A7V4G2.g__Bacteroides.s__Bacteroides_uniformis	group	6	0.541064473856697	2.23099906681086	24	12	0.810846064566912	0.927004182453301
UniRef90_J7SHX6	group	2	-0.346915864436103	1.32629087294825	24	17	0.796328979432667	0.927004182453301
UniRef90_J7SHX6.g__Streptococcus.s__Streptococcus_salivarius	group	2	-0.346915864436103	1.32629087294825	24	17	0.796328979432667	0.927004182453301
UniRef90_W1ESP1	group	4	-0.607765100762712	2.49059167576238	24	12	0.809697739902198	0.927004182453301
UniRef90_W1ESP1.g__Escherichia.s__Escherichia_coli	group	4	-0.607765100762712	2.49059167576238	24	12	0.809697739902198	0.927004182453301
UniRef90_D4JYT8	group	2	0.582789252160938	2.26105283667928	24	20	0.79923239954835	0.927004182453301
UniRef90_D4JYT8.g__Faecalibacterium.s__Faecalibacterium_prausnitzii	group	2	0.582789252160938	2.26105283667928	24	20	0.79923239954835	0.927004182453301
UniRef90_A0T3C6	group	2	0.673106807433978	2.85226991017989	24	16	0.815840409065776	0.928850560606196
UniRef90_A0A0E1X896.g__Blautia.s__Blautia_obeum	group	4	-0.199578742226939	0.838579220660906	24	21	0.814305273064422	0.928850560606196
UniRef90_A0A174XX49	group	2	0.325596692087542	1.40946366138783	24	18	0.819655755836966	0.929666263709224
UniRef90_A0A174XX49.g__Prevotella.s__Prevotella_copri	group	2	0.325596692087542	1.40946366138783	24	18	0.819655755836966	0.929666263709224
UniRef90_E7FTM0	group	6	-0.25851430612302	1.19383945557146	24	4	0.830760099756498	0.933760056079028
UniRef90_E7FTM0.g__Lactobacillus.s__Lactobacillus_ruminis	group	6	-0.25851430612302	1.19383945557146	24	4	0.830760099756498	0.933760056079028
UniRef90_A0A2H3JTN8	group	4	0.621741601877464	2.90337705433232	24	14	0.832602716670467	0.933760056079028
UniRef90_A0A2H3JTN8.g__Escherichia.s__Escherichia_coli	group	4	0.621741601877464	2.90337705433232	24	14	0.832602716670467	0.933760056079028
UniRef90_F7QX76	group	6	-0.407685154677616	1.83713184888025	24	8	0.826631150869511	0.933760056079028
UniRef90_F7QX76.g__Lactobacillus.s__Lactobacillus_ruminis	group	6	-0.407685154677616	1.83713184888025	24	8	0.826631150869511	0.933760056079028
UniRef90_A0T3C6.g__Escherichia.s__Escherichia_coli	group	4	0.530181004088257	3.09102909383354	24	15	0.865536527023327	0.938720334309192
UniRef90_A0A1V2STI7.g__Escherichia.s__Escherichia_coli	group	2	0.415916370018051	2.31300854963364	24	11	0.85910625011131	0.938720334309192
UniRef90_A5ZYV3	group	4	-0.224407185572832	1.42142994708352	24	21	0.876138978688579	0.938720334309192
UniRef90_A5ZYV3.g__Blautia.s__Blautia_obeum	group	4	-0.224407185572832	1.42142994708352	24	21	0.876138978688579	0.938720334309192
UniRef90_G2SRQ4	group	2	-0.287576984370015	1.58947941732398	24	8	0.858247107716963	0.938720334309192
UniRef90_G2SRQ4.g__Lactobacillus.s__Lactobacillus_ruminis	group	2	-0.287576984370015	1.58947941732398	24	8	0.858247107716963	0.938720334309192
UniRef90_F2NAL9.g__Collinsella.s__Collinsella_aerofaciens	group	6	0.314319581603502	1.94064432802612	24	22	0.872957274606025	0.938720334309192
UniRef90_F2NAL9	group	6	0.314319581603502	1.9426119776328	24	22	0.873084780279165	0.938720334309192
UniRef90_A0A1D7PS63	group	2	-0.18911737119418	1.19291664074584	24	22	0.875626202228311	0.938720334309192
UniRef90_A0A1D7PS63.g__Escherichia.s__Escherichia_coli	group	2	-0.18911737119418	1.19291664074584	24	22	0.875626202228311	0.938720334309192
UniRef90_D1PG33	group	6	0.314150673939929	1.56314768442295	24	15	0.842749363039274	0.938720334309192
UniRef90_D1PG33.g__Prevotella.s__Prevotella_copri	group	6	0.314150673939929	1.56314768442295	24	15	0.842749363039274	0.938720334309192
UniRef90_A0A0E9FRS3.g__Dorea.s__Dorea_longicatena	group	4	-0.499361401690925	2.4556727630996	24	16	0.840916049255963	0.938720334309192
UniRef90_A0A174KXX9	group	2	-0.329864553469942	1.74791750790941	24	10	0.852215204576611	0.938720334309192
UniRef90_A0A174KXX9.g__Collinsella.s__Collinsella_aerofaciens	group	2	-0.329864553469942	1.74791750790941	24	10	0.852215204576611	0.938720334309192
UniRef90_UPI000CDE3CF2	group	2	-0.406029735959814	2.13576657782382	24	12	0.851139564026617	0.938720334309192
UniRef90_UPI000CDE3CF2.g__Escherichia.s__Escherichia_coli	group	2	-0.406029735959814	2.13576657782382	24	12	0.851139564026617	0.938720334309192
UniRef90_A0A174VLZ6	group	2	-0.235626528088627	1.41477229625425	24	18	0.869398518713303	0.938720334309192
UniRef90_A0A174VLZ6.g__Prevotella.s__Prevotella_copri	group	2	-0.235626528088627	1.41477229625425	24	18	0.869398518713303	0.938720334309192
UniRef90_U9YPG6	group	2	-0.214101679404931	1.33894983701987	24	22	0.874561646252766	0.938720334309192
UniRef90_U9YPG6.g__Escherichia.s__Escherichia_coli	group	2	-0.214101679404931	1.33894983701987	24	22	0.874561646252766	0.938720334309192
UniRef90_F7QX76	group	2	-0.303557251011794	1.67706425790481	24	8	0.858185239730294	0.938720334309192
UniRef90_F7QX76.g__Lactobacillus.s__Lactobacillus_ruminis	group	2	-0.303557251011794	1.67706425790481	24	8	0.858185239730294	0.938720334309192
UniRef90_A0A174RM08	group	2	-0.231036077245221	1.42673754831358	24	18	0.87298329477939	0.938720334309192
UniRef90_A0A174RM08.g__Prevotella.s__Prevotella_copri	group	2	-0.231036077245221	1.42673754831358	24	18	0.87298329477939	0.938720334309192
UniRef90_A0A174PA28	group	2	-0.234656197162213	1.61196348657931	24	18	0.885716691701196	0.944456843877977
UniRef90_A0A174PA28.g__Prevotella.s__Prevotella_copri	group	2	-0.234656197162213	1.61196348657931	24	18	0.885716691701196	0.944456843877977
UniRef90_A0A139SZQ0	group	6	0.409340081498938	2.82436357920085	24	17	0.886215338505502	0.944456843877977
UniRef90_A0A0E1LDK4	group	2	-0.185400407569917	1.3356755134394	24	22	0.890991236990798	0.946185384415007
UniRef90_A0A0E1LDK4.g__Escherichia.s__Escherichia_coli	group	2	-0.185400407569917	1.3356755134394	24	22	0.890991236990798	0.946185384415007
UniRef90_A0A1I2RCA3	group	4	-0.142857142857144	1.12810889636028	24	3	0.900494415732228	0.947821092612387
UniRef90_A0A1I2RCA3	group	6	0.143840900079675	1.12810889636028	24	3	0.899813065412877	0.947821092612387
UniRef90_A0A1I2RCA3.g__Lactobacillus.s__Lactobacillus_ruminis	group	4	-0.142857142857144	1.12810889636028	24	3	0.900494415732228	0.947821092612387
UniRef90_A0A1I2RCA3.g__Lactobacillus.s__Lactobacillus_ruminis	group	6	0.143840900079675	1.12810889636028	24	3	0.899813065412877	0.947821092612387
UniRef90_A0A174Y4P3	group	2	0.22301842941429	1.78850969990416	24	18	0.902009739802788	0.947821092612387
UniRef90_A0A174Y4P3.g__Prevotella.s__Prevotella_copri	group	2	0.22301842941429	1.78850969990416	24	18	0.902009739802788	0.947821092612387
UniRef90_A0A174MQQ3	group	2	0.173882413365864	1.56645062393834	24	18	0.912719529013117	0.955727255511118
UniRef90_A0A174MQQ3.g__Prevotella.s__Prevotella_copri	group	2	0.173882413365864	1.56645062393834	24	18	0.912719529013117	0.955727255511118
UniRef90_A0A396RJ65	group	2	0.13619590056374	1.30354304964241	24	5	0.917828085953218	0.959402180438904
UniRef90_A0A174JTA1	group	2	-0.154156499590361	1.55526248979568	24	18	0.922030326730914	0.960448257011369
UniRef90_A0A174JTA1.g__Prevotella.s__Prevotella_copri	group	2	-0.154156499590361	1.55526248979568	24	18	0.922030326730914	0.960448257011369
UniRef90_A0A0E9ESU1.g__Klebsiella.s__Klebsiella_pneumoniae	group	2	0.15084948355144	1.66318901429954	24	6	0.928634045084444	0.96565065346736
UniRef90_A0A3E4MCK9	group	6	-0.156178994192426	1.989991502077	24	9	0.938224374446903	0.96890641078854
UniRef90_A0A3E4MCK9.g__Lactobacillus.s__Lactobacillus_ruminis	group	6	-0.156178994192426	1.989991502077	24	9	0.938224374446903	0.96890641078854
UniRef90_A0A174IYG9	group	2	-0.131690939083778	1.63155969876728	24	18	0.936471047444381	0.96890641078854
UniRef90_A0A174IYG9.g__Prevotella.s__Prevotella_copri	group	2	-0.131690939083778	1.63155969876728	24	18	0.936471047444381	0.96890641078854
UniRef90_A0A1V2STI7.g__Escherichia.s__Escherichia_coli	group	4	-0.180781245489264	2.5337739166733	24	11	0.943828965694698	0.973019552262575
UniRef90_F4NKV9	group	2	0.0936379964732737	1.64230695469739	24	22	0.955098131272725	0.981265203362389
UniRef90_F4NKV9.g__Escherichia.s__Escherichia_coli	group	2	0.0936379964732737	1.64230695469739	24	22	0.955098131272725	0.981265203362389
UniRef90_A0T3C6	group	4	0.115971457526723	3.12450513979752	24	16	0.970759902515166	0.981933619713059
UniRef90_E7FSA1	group	2	0.0655434921537895	1.4749271212056	24	6	0.96499560385837	0.981933619713059
UniRef90_E7FSA1.g__Lactobacillus.s__Lactobacillus_ruminis	group	2	0.0655434921537895	1.4749271212056	24	6	0.96499560385837	0.981933619713059
UniRef90_A0A2R3NGS3	group	4	-0.127827883446382	2.74623127600152	24	13	0.963336198676786	0.981933619713059
UniRef90_A0A2R3NGS3.g__Escherichia.s__Escherichia_coli	group	4	-0.127827883446381	2.72620014412033	24	13	0.96306701279741	0.981933619713059
UniRef90_J7TUV6	group	6	-0.0290002404165971	0.87039312717318	24	17	0.973750839548784	0.981933619713059
UniRef90_J7TUV6.g__Streptococcus.s__Streptococcus_salivarius	group	6	-0.0290002404165971	0.87039312717318	24	17	0.973750839548784	0.981933619713059
UniRef90_F7QZZ8	group	2	-0.0579241466268371	1.63781932787792	24	6	0.972138003360847	0.981933619713059
UniRef90_F7QZZ8.g__Lactobacillus.s__Lactobacillus_ruminis	group	2	-0.0579241466268371	1.63781932787792	24	6	0.972138003360847	0.981933619713059
UniRef90_A0A3E5E3D3	group	2	0.0614100529572419	1.46504285962018	24	18	0.966980593663602	0.981933619713059
UniRef90_A0A3E5E3D3.g__Prevotella.s__Prevotella_copri	group	2	0.0614100529572419	1.46504285962018	24	18	0.966980593663602	0.981933619713059
UniRef90_V8M0W9	group	2	0.037052882133767	1.46737342683195	24	17	0.980104881830581	0.983382824579178
UniRef90_V8M0W9.g__Streptococcus.s__Streptococcus_salivarius	group	2	0.037052882133767	1.46737342683195	24	17	0.980104881830581	0.983382824579178
UniRef90_O07102	group	4	0.0733312562275747	2.59689722887094	24	12	0.977752183225918	0.983382824579178
UniRef90_A0A1V2STI7	group	4	-0.0289887226984651	2.58565739347069	24	11	0.991165902594477	0.992820603600477
UniRef90_V5XUZ1	group	2	0.0135086628845092	1.75693421966108	24	8	0.993941487547733	0.993941487547733
